ligand,receptor
A2M,LRP1
A4,FPR2
A4,HG2A
A4,PLXA4
A4,SORL
A4,TNR21
AANAT,MTNR1A
AANAT,MTNR1B
ACE,AGTR2
ACE,BDKRB2
ACE2,SLC6A19
ACE2,TIGIT
ACKR1,CCR5
ACKR3,CXCR4
ACP4,VSTM2B
ACTR2,ADRB2
ACTR2,LDLR
ACTR2,LRP2
ACVR2B,DLK1
ACVRL1,ACVR2A
ACVRL1,CDH5
ACVRL1,TGFBR1
ADA,DPP4
ADAM10,AXL
ADAM10,CADM1
ADAM10,CD44
ADAM10,CLDN11
ADAM10,DDR1
ADAM10,EFNA3
ADAM10,EPHA3
ADAM10,GPNMB
ADAM10,IL6R
ADAM10,MET
ADAM10,NOTCH1
ADAM10,NOTCH2
ADAM10,NRCAM
ADAM10,TREM2
ADAM10,TSPAN10
ADAM10,TSPAN12
ADAM10,TSPAN14
ADAM10,TSPAN15
ADAM10,TSPAN17
ADAM10,TSPAN33
ADAM10,TSPAN5
ADAM11,ITGA4
ADAM12,ITGA9
ADAM12,ITGB1
ADAM12,SDC4
ADAM15,ITGA5
ADAM15,ITGA9
ADAM15,ITGAV
ADAM15,ITGB1
ADAM15,ITGB3
ADAM17,ERBB4
ADAM17,IL6R
ADAM17,ITGA5
ADAM17,ITGB1
ADAM17,MET
ADAM17,MUC1
ADAM17,NOTCH1
ADAM17,RHBDF2
ADAM2,CD9
ADAM2,ITGA6
ADAM2,ITGA9
ADAM2,ITGB1
ADAM2,ITGB7
ADAM20,IL1RAPL1
ADAM20,IL1RAPL2
ADAM21,CLEC12B
ADAM21,CRTAM
ADAM21,IGSF21
ADAM23,ITGA4
ADAM23,ITGA5
ADAM23,ITGB3
ADAM28,ITGA4
ADAM29,ITGA4
ADAM7,ITGA4
ADAM7,ITGB7
ADAM9,ITGA3
ADAM9,ITGA6
ADAM9,ITGAV
ADAM9,ITGB1
ADAM9,ITGB5
ADAMTS3,CCBE1
ADCYAP1,ADCYAP1R1
ADCYAP1,ADRB2
ADCYAP1,ADRB3
ADCYAP1,DPP4
ADCYAP1,GPR20
ADCYAP1,GPR84
ADCYAP1,PTH1R
ADCYAP1,RAMP2
ADCYAP1,RAMP3
ADCYAP1,SCTR
ADCYAP1,TSHR
ADCYAP1,VIPR1
ADCYAP1,VIPR2
ADGRA3,SIGLEC10
ADGRB1,RTN4R
ADGRB1,RTN4RL1
ADGRB1,RTN4RL2
ADGRE5,CD55
ADIPOQ,ADIPOR1
ADIPOQ,ADIPOR2
ADIPOQ,ASGR2
ADIPOQ,CLEC2D
ADIPOQ,CNR2
ADIPOQ,GPR152
ADIPOQ,GPR42
ADIPOQ,PROKR2
ADM,ACKR3
ADM,ADCYAP1R1
ADM,ADRB2
ADM,ADRB3
ADM,CALCR
ADM,CALCRL
ADM,DCLK3
ADM,GPR182
ADM,GPR20
ADM,GPR84
ADM,MRGPRX2
ADM,PTH1R
ADM,RAMP1
ADM,RAMP2
ADM,RAMP3
ADM,TSHR
ADM,VIPR1
ADM2,ADCYAP1R1
ADM2,ADRB2
ADM2,ADRB3
ADM2,CALCR
ADM2,CALCRL
ADM2,DCLK3
ADM2,GPR20
ADM2,GPR84
ADM2,PTH1R
ADM2,RAMP1
ADM2,RAMP2
ADM2,RAMP3
ADM2,TSHR
ADM2,VIPR1
ADML,RAMP3
ADO,ADORA1
ADO,ADORA2A
ADO,ADORA2B
ADO,ADORA3
ADORA1,GRM1
ADORA2A,GPR37
ADRA1A,CXCR4
ADRA1B,CXCR4
ADRB2,CCKBR
ADRB2,CCR7
ADRB2,CXCR4
ADRB2,GPR37
ADRB2,HNRNPK
ADRB2,MBP
ADRB2,MGLL
ADRB2,MOG
ADRB2,PRNP
ADRB2,SLC52A2
ADRB2,TMEM259
ADRB2,VAPA
ADRB2,YWHAQ
AFDN,EPHA7
AFDN,EPHB2
AFDN,EPHB3
AFDN,EPHB6
AFDN,F11R
AFDN,NECTIN1
AFDN,NECTIN2
AFDN,NECTIN3
AFDN,NECTIN4
AFDN,NRX2A
AFDN,NRX2B
AFDN,NRX3A
AFDN,NRX3B
AFDN,NRXN2
AFDN,NRXN3
AGER,CLEC14A
AGRIN,PTPRS
AGRN,ATP1A3
AGRN,DAG1
AGRN,ITGB1
AGRN,LRP1
AGRN,LRP2
AGRN,LRP4
AGRN,MUSK
AGRP,ACTHR
AGRP,MC1R
AGRP,MC3R
AGRP,MC4R
AGRP,MC5R
AGRP,SDC1
AGRP,SDC3
AGT,ADRA2A
AGT,AGTR1
AGT,AGTR1B
AGT,AGTR2
AGT,ENPEP
AGT,GRM7
AGT,LRP2
AGT,MAS1
AGT,MTNR1A
AGTR1,ATP1B1
AGTR1,CERS6
AGTR1,YWHAQ
AGTRAP,RACK1
AHSG,INSR
AIMP1,NTRK1
ALB,B2M
ALB,FCGRT
ALB,LRP2
ALB,VCAM1
ALCAM,ALCAM
ALCAM,CD6
ALCAM,CHL1
ALCAM,L1CAM
ALCAM,NRP1
ALKAL1,ALK
ALKAL1,LTK
ALKAL2,ALK
ALKAL2,LTK
ALOX5,ALOX5AP
ALOX5AP,ALOX5
AMBN,CD63
AMELX,CD63
AMELX,LAMP1
AMELX,LAMP2
AMELY,CD63
AMELY,LAMP1
AMELY,LAMP2
AMH,ACVR1
AMH,AMHR2
AMH,BMPR1A
AMH,BMPR1B
AMH,EGFR
AMH,GREM2
AMRP,SORT
ANF,ANPRA
ANG,EGFR
ANG,PLXNB2
ANGP1,TIE2
ANGP2,TIE2
ANGP4,TIE2
ANGPT1,ITGA5
ANGPT1,ITGAV
ANGPT1,ITGB1
ANGPT1,ITGB5
ANGPT1,TEK
ANGPT1,TIE1
ANGPT2,ITGA5
ANGPT2,ITGB1
ANGPT2,TEK
ANGPT2,TIE1
ANGPT4,TEK
ANGPT4,TIE1
ANGPTL1,ITGA1
ANGPTL1,ITGB1
ANGPTL1,LILRB2
ANGPTL1,LILRB3
ANGPTL1,PIRB
ANGPTL1,TEK
ANGPTL2,ITGA5
ANGPTL2,ITGB1
ANGPTL2,LILRB2
ANGPTL2,LILRB3
ANGPTL2,PIRB
ANGPTL2,TIE1
ANGPTL2,TLR4
ANGPTL3,ITGA5
ANGPTL3,ITGAV
ANGPTL3,ITGB3
ANGPTL4,CDH11
ANGPTL4,CDH5
ANGPTL4,GPIHBP1
ANGPTL4,ITGA5
ANGPTL4,ITGAV
ANGPTL4,ITGB1
ANGPTL4,ITGB3
ANGPTL4,SDC1
ANGPTL4,SDC2
ANGPTL4,SDC3
ANGPTL4,SDC4
ANGPTL4,TIE1
ANGPTL7,LILRB2
ANGPTL7,LILRB3
ANGPTL7,PIRB
ANGT,AGTR1
ANGT,AGTR2
ANOS1,FGFR1
ANOS1,SDC2
ANPEP,SELE
ANXA1,ADRA2A
ANXA1,DYSF
ANXA1,EGFR
ANXA1,FPR1
ANXA1,FPR2
ANXA1,FPR3
ANXA1,GRM7
ANXA1,LXA4
ANXA1,MTNR1A
ANXA2,DYSF
ANXA2,EGFR
ANXA2,ROBO4
ANXA2,TLR2
APC,PROCR
APEL,APJ
APELA,APLNR
APLN,ADRA2A
APLN,APLNR
APLN,GRM7
APLN,MTNR1A
APLP1,CNTN3
APLP2,PIGR
APLP2,PLXA4
APOA1,ABCA1
APOA1,CD14
APOA1,LDLR
APOA1,LRP1
APOA1,LRP2
APOA2,LDLR
APOA2,LRP1
APOA2,LRP2
APOA4,LDLR
APOA4,LRP1
APOA4,LRP2
APOB,ADRB2
APOB,APOBR
APOB,CALCR
APOB,ENO1
APOB,ITGAM
APOB,ITGB2
APOB,LDLR
APOB,LRP1
APOB,LRP2
APOB,LRP6
APOB,LRP8
APOB,LSR
APOB,MTTP
APOB,OLR1
APOB,TLR4
APOB,TLR6
APOB,TREM2
APOB,VLDLR
APOC1,VLDLR
APOC2,LDLR
APOC2,LRP1
APOC2,LRP2
APOC3,LDLR
APOC3,LRP1
APOC3,LRP2
APOC3,SDC2
APOC3,TLR2
APOC4,VLDLR
APOD,LEPR
APOE,ABCA1
APOE,CHRNA4
APOE,LDLR
APOE,LRP1
APOE,LRP2
APOE,LRP4
APOE,LRP5
APOE,LRP6
APOE,LRP8
APOE,LSR
APOE,SCARB1
APOE,SDC2
APOE,SORL1
APOE,TREM2
APOE,VLDLR
APOO,IL1RAPL1
APOO,IL1RAPL2
APP,ADRA2A
APP,AGER
APP,APLP1
APP,APLP2
APP,CAV1
APP,CD74
APP,CNTN3
APP,DCC
APP,FLT1
APP,FPR2
APP,GPC1
APP,GRM7
APP,LRP1
APP,LRP10
APP,LRP6
APP,MTNR1A
APP,NCSTN
APP,NGFR
APP,NOTCH2
APP,NTRK1
APP,PLD1
APP,PTGER2
APP,RPSA
APP,SLC45A3
APP,SORL1
APP,TNFRSF21
APP,TSPAN12
APP,TSPAN15
APP,VLDLR
APP_BACE1,TNFRSF21
APP_BACE1_PSEN1,FPR2
APRIO,AGRG6
AR,EGFR
AREG,EGFR
AREG,ERBB2
AREG,ERBB3
AREG,ICAM1
ARF1,CHRM3
ARF1,INSR
ARF1,PLD2
ARF4,EGFR
ARF6,PLD1
ARF6,SMAP1
ARPC5,ADRB2
ARPC5,LDLR
ARPC5,LRP2
ARRB2,ADRB2
ARRB2,ENG
ARTN,GFRA1
ARTN,GFRA2
ARTN,GFRA3
ARTN,NCAM1
ARTN,RET
ASIP,ATRN
ASIP,F11R
ASIP,MC1R
ASIP,MC2R
ASIP,MC3R
ASIP,MC4R
ASIP,MC5R
ASIP,MGRN1
ASIP,MSHR
ASMT,MTNR1B
ATP1B1,NEGR1
AVP,ADCYAP1R1
AVP,ADRB2
AVP,ADRB3
AVP,AVPR1A
AVP,AVPR1B
AVP,AVPR2
AVP,GPR20
AVP,GPR84
AVP,LDLR
AVP,LRP2
AVP,OXTR
AVP,PTH1R
AVP,RAMP2
AVP,RAMP3
AVP,TSHR
AVP,VIPR1
AXL,ADAM17
AXL,EGFR
AXL,GAS6
AXL,IL1RL1
AXL,IL6R
AXL,KIR2DL5A
AXL,KIR3DL1
AXL,PILRA
AXL,PILRB
AXL,PTPRF
AXL,VSIG10L
AZGP1,ITGAV
B2M,CD1A
B2M,CD1B
B2M,CD1C
B2M,CD247
B2M,CD3D
B2M,CD3G
B2M,HFE
B2M,HLA-F
B2M,KIR2DL1
B2M,KIR2DL3
B2M,KIR3DL1
B2M,KLRC1
B2M,KLRC2
B2M,KLRD1
B2M,LILRB1
B2M,LILRB2
B2M,TFRC
BAG6,NCR3
BAG6,NCR3-PS
BAG6,NCTR3
BCAN,EGFR
BCAN,NRCAM
BDNF,BEX3
BDNF,DDR1
BDNF,DRD4
BDNF,ERBB2
BDNF,F11R
BDNF,GPR152
BDNF,NGFR
BDNF,NTRK2
BDNF,SORT
BDNF,SORT1
BDNF,TNR16
BGN,FGFR3
BGN,LY96
BGN,TLR1
BGN,TLR2
BGN,TLR4
BICD1,F2R
BMP1,BMPR1A
BMP1,BMPR1B
BMP1,BMPR2
BMP10,ACVR1
BMP10,ACVR2A
BMP10,ACVR2B
BMP10,ACVRL1
BMP10,BMPR1A
BMP10,BMPR1B
BMP10,BMPR2
BMP10,ENG
BMP10,FFAR2
BMP10,GPR152
BMP10,KIR2DL3
BMP10,KIR3DL1
BMP10,KIR3DS1
BMP10,VSIR
BMP15,ACVR1
BMP15,ACVR2A
BMP15,ACVR2B
BMP15,BMPR1A
BMP15,BMPR1B
BMP15,BMPR2
BMP15,TGFBR1
BMP2,ACVR1
BMP2,ACVR2A
BMP2,ACVR2B
BMP2,ACVRL1
BMP2,BMPR1A
BMP2,BMPR1B
BMP2,BMPR2
BMP2,ENG
BMP2,GPC1
BMP2,GREM1
BMP2,HJV
BMP2,RGMB
BMP2,SMO
BMP3,ACVR1
BMP3,ACVR1B
BMP3,ACVR2A
BMP3,ACVR2B
BMP3,BMPR1A
BMP3,BMPR1B
BMP3,BMPR2
BMP4,ACVR1
BMP4,ACVR2A
BMP4,ACVR2B
BMP4,ACVRL1
BMP4,BMPR1A
BMP4,BMPR1B
BMP4,BMPR2
BMP4,CFC1
BMP4,GREM2
BMP4,HJV
BMP4,LRP6
BMP4,RGMB
BMP5,ACVR1
BMP5,ACVR2A
BMP5,ACVR2B
BMP5,ACVRL1
BMP5,BMPR1A
BMP5,BMPR1B
BMP5,BMPR2
BMP5,HJV
BMP5,PTPRD
BMP6,ACVR1
BMP6,ACVR2A
BMP6,ACVR2B
BMP6,ACVRL1
BMP6,BMPR1A
BMP6,BMPR1B
BMP6,BMPR2
BMP6,HJV
BMP7,ACVR1
BMP7,ACVR1B
BMP7,ACVR2A
BMP7,ACVR2B
BMP7,ACVRL1
BMP7,BMPR1A
BMP7,BMPR1B
BMP7,BMPR2
BMP7,ENG
BMP7,HJV
BMP7,PTPRK
BMP8A,ACVR1
BMP8A,ACVR2A
BMP8A,ACVR2B
BMP8A,ACVRL1
BMP8A,BMPR1A
BMP8A,BMPR1B
BMP8A,BMPR2
BMP8A,TGFBR1
BMP8A,TGFBR2
BMP8B,ACVR1
BMP8B,ACVR2A
BMP8B,ACVR2B
BMP8B,ACVRL1
BMP8B,BMPR1A
BMP8B,BMPR1B
BMP8B,BMPR2
BMP8B,PLAUR
BMPR1A,ENG
BMPR1B,ENG
BOC,LILRA6
BPI,SLAMF9
BSG,SELE
BSG,SLC16A1
BSG,SLC16A7
BST1,CAV1
BST2,LILRA4
BST2,LIRA4
BTC,EGFR
BTC,ERBB2
BTC,ERBB3
BTC,ERBB4
BTK,EPOR
BTK,JAK2
BTK,TNFRSF10A
BTLA,CD247
BTLA,CD276
BTLA,CD79A
BTLA,TNFRSF14
BTLA,TNR14
BTLA,VTCN1
BTN1A1,JAML
BTN1A1,NEGR1
BTN1A1,TARM1
BTN2A1,FAM187B
BTN3A1,LILRA3
BTN3A1,LRRC4B
BTN3A1,LRRC4C
BTN3A1,VSIG8
BTN3A2,LRRC4B
BTN3A3,LRRC4B
BTNL8,GP6
BTNL8,LILRA1
BTNL8,LILRA3
BTNL8,LILRB1
BTNL8,LILRB2
BTNL8,LILRB3
BTNL8,SIGLEC6
BTNL9,LRFN5
BY55,TNR14
C1orf112,PLSCR4
C1orf194,PLSCR4
C1QA,CD33
C1QA,CD93
C1QA,CR1
C1QA,CR1L
C1QA,CSPG4
C1QB,C1QBP
C1QB,CD33
C1QB,LRP1
C1QL2,AGRB3
C1QL3,AGRB3
C1QL4,AGRB3
C1QR1,INGR1
C1QRF,AGRB3
C1QTNF1,AVPR2
C1QTNF5,MFRP
C3,ADRA2A
C3,C3AR1
C3,C5AR2
C3,CD19
C3,CD46
C3,CD81
C3,CR1
C3,CR1L
C3,CR2
C3,GRM7
C3,IFITM1
C3,ITGAM
C3,ITGAX
C3,ITGB2
C3,LRP1
C3,MTNR1A
C3,NRP1
C4A,C3AR1
C4A,C5AR2
C4A,CD46
C4A,CR1
C4A,CR2
C4A,NRP1
C4B,CD46
C4B,CR1
C4B_2,CD46
C4B_2,CR1
C4BPA,BMPR2
C4BPA,CD40
C4BPA,LRP1
C5,ADRA2A
C5,C5AR1
C5,C5AR2
C5,GRM7
C5,MTNR1A
C6orf15,DDR1
CA12,SIGLEC6
CA2,AQP1
CADH1,KLRG1
CADH2,CADH2
CADH2,FCER2
CADH3,CADH3
CADH5,CADH5
CADH6,CADH6
CADH7,CADH7
CADM1,CADM1
CADM1,CADM3
CADM1,CRTAM
CADM1,ERBB3
CADM1,NECTIN3
CADM1,PTPN13
CADM1,PVRL3
CADM2,CADM1
CADM3,CADM1
CADM3,CADM2
CADM3,CADM3
CADM3,CADM4
CADM3,E41L1
CADM3,NECTIN3
CADM3,PEAR1
CADM3,PVRL3
CADM4,CADM2
CADM4,CADM3
CADM4,ERBB3
CADM4,MAG
CADM4,SDK2
CALC,CALCR
CALC1,ACKR3
CALC1,ADCYAP1R1
CALC1,ADRB2
CALC1,ADRB3
CALC1,CALCR
CALC1,CALCRL
CALC1,DCLK3
CALC1,GPR20
CALC1,GPR84
CALC1,PTH1R
CALC1,RAMP1
CALC1,RAMP2
CALC1,RAMP3
CALC1,TSHR
CALC1,VIPR1
CALCA,ACKR3
CALCA,ADCYAP1R1
CALCA,ADRB2
CALCA,ADRB3
CALCA,CALCR
CALCA,CALCRL
CALCA,DCLK3
CALCA,GPR20
CALCA,GPR84
CALCA,PTH1R
CALCA,RAMP1
CALCA,RAMP2
CALCA,RAMP3
CALCA,TSHR
CALCA,VIPR1
CALCB,ADCYAP1R1
CALCB,ADRB2
CALCB,ADRB3
CALCB,CALCR
CALCB,CALCRL
CALCB,GPR20
CALCB,GPR84
CALCB,PTH1R
CALCB,RAMP1
CALCB,RAMP2
CALCB,RAMP3
CALCB,TSHR
CALCB,VIPR1
CALM1,ABCA1
CALM1,ADCY8
CALM1,ADCYAP1R1
CALM1,AQP1
CALM1,AQP6
CALM1,CACNA1C
CALM1,CALCR
CALM1,CNGA2
CALM1,CRHR1
CALM1,EGFR
CALM1,FAS
CALM1,GLP1R
CALM1,GLP2R
CALM1,GP6
CALM1,GRM3
CALM1,GRM4
CALM1,GRM5
CALM1,GRM7
CALM1,HMMR
CALM1,HTR2C
CALM1,INSR
CALM1,KCNN4
CALM1,KCNQ1
CALM1,KCNQ3
CALM1,KCNQ5
CALM1,MIP
CALM1,MYLK
CALM1,MYLK2
CALM1,OPRM1
CALM1,PDE1A
CALM1,PDE1B
CALM1,PDE1C
CALM1,PLPP6
CALM1,PTH2R
CALM1,PTPRA
CALM1,RYR2
CALM1,SCN10A
CALM1,SCN4A
CALM1,SCTR
CALM1,SELL
CALM1,TRPC3
CALM1,TRPC5
CALM1,VIPR1
CALM2,ABCA1
CALM2,ADCY8
CALM2,AQP1
CALM2,AQP6
CALM2,CACNA1C
CALM2,EGFR
CALM2,GP6
CALM2,GRM5
CALM2,GRM7
CALM2,INSR
CALM2,KCNQ1
CALM2,KCNQ3
CALM2,KCNQ5
CALM2,MYLK
CALM2,MYLK2
CALM2,PDE1A
CALM2,PDE1B
CALM2,PDE1C
CALM2,PLPP6
CALM2,SCN10A
CALM2,SCN4A
CALM2,SELL
CALM2,TRPC5
CALM3,ABCA1
CALM3,ADCY8
CALM3,AQP1
CALM3,AQP6
CALM3,AR
CALM3,CACNA1C
CALM3,EGFR
CALM3,ESR1
CALM3,GP6
CALM3,GRM5
CALM3,GRM7
CALM3,INSR
CALM3,KCNQ1
CALM3,KCNQ3
CALM3,KCNQ5
CALM3,MYLK
CALM3,MYLK2
CALM3,PDE1A
CALM3,PDE1B
CALM3,PDE1C
CALM3,PLPP6
CALM3,RYR2
CALM3,SCN10A
CALM3,SCN4A
CALM3,SELL
CALM3,TRPC5
CALML3,KCNQ1
CALR,HLA-F
CALR,ITGA2B
CALR,ITGA3
CALR,ITGAV
CALR,LRP1
CALR,MPL
CALR,MTNR1A
CALR,SCARF1
CALR,TSHR
CAMP,EGFR
CAMP,FPR2
CAMP,IGF1R
CAMP,P2RX7
CARD11,DPP4
CASP8,FADD
CASP8,FAS
CATG,FPR1
CATG,PAR4
CAV1,DPP4
CAV1,EPHA2
CAV1,PDGFRB
CCK,CCKAR
CCK,CCKBR
CCKN,CCKAR
CCKN,GASR
CCL1,ACKR1
CCL1,ACKR4
CCL1,CCR1
CCL1,CCR8
CCL11,ACKR1
CCL11,ACKR2
CCL11,ACKR4
CCL11,CCR2
CCL11,CCR3
CCL11,CCR5
CCL11,CXCR3
CCL11,DPP4
CCL13,ACKR1
CCL13,ACKR2
CCL13,ACKR4
CCL13,CCR1
CCL13,CCR2
CCL13,CCR3
CCL13,CCR5
CCL13,CCR9
CCL13,CXCR3
CCL14,ACKR1
CCL14,ACKR2
CCL14,CCR1
CCL14,CCR3
CCL14,CCR5
CCL15,CCR1
CCL15,CCR3
CCL16,ACKR1
CCL16,ADRA2A
CCL16,CCR1
CCL16,CCR2
CCL16,CCR5
CCL16,CCR8
CCL16,CXCR5
CCL16,GRM7
CCL16,HRH4
CCL16,MTNR1A
CCL17,ACKR1
CCL17,ACKR2
CCL17,CCR4
CCL17,CCR8
CCL18,ACKR1
CCL18,CCR1
CCL18,CCR3
CCL18,CCR8
CCL18,ERG28
CCL18,PITPNM3
CCL19,ACKR2
CCL19,ACKR4
CCL19,ADRA2A
CCL19,CCR10
CCL19,CCR7
CCL19,CCRL2
CCL19,CXCR3
CCL19,GRM7
CCL19,MTNR1A
CCL2,ACKR1
CCL2,ACKR2
CCL2,ACKR4
CCL2,CCR1
CCL2,CCR10
CCL2,CCR2
CCL2,CCR3
CCL2,CCR4
CCL2,CCR5
CCL20,ACKR4
CCL20,ADRA2A
CCL20,CCR6
CCL20,CXCR3
CCL20,GRM7
CCL20,MTNR1A
CCL21,ACKR2
CCL21,ACKR4
CCL21,ADRA2A
CCL21,CCR10
CCL21,CCR7
CCL21,CXCR3
CCL21,GRM7
CCL21,MTNR1A
CCL21,VCAN
CCL22,ACKR1
CCL22,ACKR2
CCL22,CCR4
CCL22,DPP4
CCL23,ACKR2
CCL23,ADRA2A
CCL23,CCR1
CCL23,FPR2
CCL23,GRM7
CCL23,MTNR1A
CCL24,ACKR2
CCL24,CCR2
CCL24,CCR3
CCL25,ACKR2
CCL25,ACKR4
CCL25,ADRA2A
CCL25,CCR10
CCL25,CCR9
CCL25,GRM7
CCL25,MTNR1A
CCL26,ACKR2
CCL26,CCR1
CCL26,CCR2
CCL26,CCR3
CCL26,CCR5
CCL26,CX3CR1
CCL27,ACKR2
CCL27,ADRA2A
CCL27,CCR10
CCL27,CCR2
CCL27,CCR3
CCL27,GRM7
CCL27,MTNR1A
CCL28,ACKR2
CCL28,ADRA2A
CCL28,CCR10
CCL28,CCR3
CCL28,GRM7
CCL28,MTNR1A
CCL3,ACKR2
CCL3,CCR1
CCL3,CCR3
CCL3,CCR4
CCL3,CCR5
CCL3,CXCR5
CCL3L1,ACKR2
CCL3L1,CCR1
CCL3L1,CCR3
CCL3L1,CCR4
CCL3L1,CCR5
CCL3L3,ACKR2
CCL3L3,CCR1
CCL3L3,CCR5
CCL4,ACKR2
CCL4,CCR1
CCL4,CCR3
CCL4,CCR5
CCL4,CCR8
CCL4,CNR2
CCL4,CXCR5
CCL4,GPR152
CCL4,GPRC5D
CCL4,SLC7A1
CCL4L1,ACKR2
CCL4L1,CCR1
CCL4L1,CCR3
CCL4L1,CCR5
CCL4L1,FFAR2
CCL4L1,GPR101
CCL4L1,GPR151
CCL4L1,GPR152
CCL4L1,GPR42
CCL4L1,PGRMC2
CCL4L1,VSIR
CCL5,ACKR1
CCL5,ACKR2
CCL5,ACKR4
CCL5,ADRA2A
CCL5,CCR1
CCL5,CCR3
CCL5,CCR4
CCL5,CCR5
CCL5,CCRL2
CCL5,CXCR3
CCL5,CXCR5
CCL5,DPP4
CCL5,GPR75
CCL5,GRM7
CCL5,MTNR1A
CCL5,SDC1
CCL5,SDC4
CCL7,ACKR1
CCL7,ACKR2
CCL7,ACKR4
CCL7,CCR1
CCL7,CCR10
CCL7,CCR2
CCL7,CCR3
CCL7,CCR5
CCL7,CXCR3
CCL8,ACKR1
CCL8,ACKR2
CCL8,ACKR4
CCL8,CCR1
CCL8,CCR10
CCL8,CCR2
CCL8,CCR3
CCL8,CCR4
CCL8,CCR5
CCN1,CAV1
CCN1,ITGA2B
CCN1,ITGA5
CCN1,ITGA6
CCN1,ITGAD
CCN1,ITGAM
CCN1,ITGAV
CCN1,ITGB1
CCN1,ITGB2
CCN1,ITGB3
CCN1,ITGB5
CCN1,SDC4
CCN1,TLR2
CCN1,TLR4
CCN2,EGFR
CCN2,ERBB4
CCN2,FGFR2
CCN2,IGF2R
CCN2,ITGA2B
CCN2,ITGA5
CCN2,ITGAM
CCN2,ITGAV
CCN2,ITGB1
CCN2,ITGB2
CCN2,ITGB3
CCN2,LRP1
CCN2,LRP6
CCN2,NTRK1
CCN3,NOTCH1
CCN3,PLXNA1
CCN4,ITGA5
CCN4,ITGB1
CCN6,SORL1
CCR1,MBP
CCR1,PRNP
CCR2,CXCR4
CCR4,CCKBR
CD14,ITGA4
CD14,ITGB1
CD14,ITGB2
CD14,PLXND1
CD14,RIPK1
CD14,TLR1
CD14,TLR4
CD14,TLR6
CD14,TLR9
CD160,TNFRSF14
CD166,CD6
CD177,PECA1
CD177,PECAM1
CD19,CD81
CD1B,IL6ST
CD1D,CEACAM5
CD1D,LILRB2
CD1D,LIRB2
CD2,CD53
CD2,NLGN3
CD200,CD200R1
CD200,CD200R1L
CD209,CEACAM1
CD209,ICAM3
CD22,IGSF21
CD22,PTPRC
CD226,ITGAL
CD226,ITGB2
CD226,NECTIN2
CD226,PVR
CD226,PVRL2
CD24,LYAM3
CD24,SELP
CD24,SIGLEC10
CD244,CD48
CD244,IYD
CD244,MUC15
CD248,IL6RA
CD274,CD80
CD274,NCR3
CD274,PDCD1
CD274,PDCD1LG2
CD276,TRML2
CD28,TMEM95
CD300A,IGSF5
CD300C,IGSF5
CD300C,NTNG1
CD300LB,LILRA1
CD300LB,LRRC52
CD300LB,SIGLEC10
CD300LB,SIGLEC14
CD300LB,SIGLEC5
CD300LB,SIGLEC6
CD300LF,CD300LG
CD300LF,HAVCR1
CD300LF,IGSF5
CD300LF,SIGLEC5
CD300LF,TIMD4
CD300LF,TYRO3
CD320,IGSF5
CD320,JAML
CD320,TMEM167A
CD33,IFNGR1
CD33,KIRREL3
CD33,MAG
CD33,SIGLEC1
CD33,SIGLEC10
CD34,LYAM1
CD34,LYAM3
CD34,NECTIN3
CD34,NECTIN4
CD34,SELE
CD34,SELL
CD34,SELP
CD36,TLR4
CD36,TLR6
CD3D,CDHR2
CD4,CCR5
CD4,CXCR4
CD4,MOG
CD4,NCR1
CD4,SIGLEC6
CD40L,TNR5
CD40LG,CD40
CD40LG,CD53
CD40LG,CD9
CD40LG,ITGA2B
CD40LG,ITGA5
CD40LG,ITGAM
CD40LG,ITGB1
CD40LG,ITGB2
CD40LG,ITGB3
CD40LG,TRAF3
CD44,ACVR2B
CD44,CLDN7
CD44,EPCAM
CD44,LYAM2
CD46,JAG1
CD47,HLA-C
CD47,PCSK4
CD47,SCN1B
CD47,SHPS1
CD47,SIGLEC1
CD47,SIRPG
CD48,CD2
CD48,CD244
CD48,CD244A
CD48,PDCD1
CD5,TNFRSF25
CD52,SIG10
CD52,SIGLEC10
CD53,CD37
CD55,ADGRE2
CD55,ADGRE5
CD55,CR1
CD58,CD2
CD58,PTPRT
CD59,CD2
CD59,SIGLEC1
CD59,STAB1
CD59,TNFSF15
CD5L,CD5
CD6,ALCAM
CD6,DAG1
CD6,HBEGF
CD6,SIGLEC8
CD63,KIT
CD69,KLRB1
CD69,SIRPA
CD7,ADAM15
CD70,CD27
CD70,GPRC5B
CD70,TNFRSF13B
CD70,TNFRSF17
CD72,CD5
CD72,NCAM2
CD74,ACKR3
CD74,CXCR2
CD74,CXCR4
CD79A,VSIG8
CD79B,CD244
CD79B,IGSF21
CD79B,KREMEN1
CD79B,NTM
CD80,CD274
CD80,CD28
CD80,CTLA4
CD80,NGFR
CD80,TNR16
CD81,CD37
CD81,CLDN1
CD81,CLDN12
CD81,CLDN6
CD81,CLDN9
CD81,KIT
CD82,CD37
CD84,CD84
CD86,CD28
CD86,CTLA4
CD8A,CEACAM5
CD9,CD36
CD9,CLDN1
CD9,KIT
CD96,NECTIN1
CD96,PVR
CD99,CD81
CD99,CD99
CD99,CD99L2
CD99,PILRA
CD99,PILRB
CDC37,ERBB2
CDCP1,EGFR
CDH1,CDH1
CDH1,CDH2
CDH1,EGFR
CDH1,ERBB3
CDH1,IGF1R
CDH1,ITGA1
CDH1,ITGA2
CDH1,ITGAE
CDH1,ITGB1
CDH1,ITGB7
CDH1,KLRG1
CDH1,LRP5
CDH1,PTPRF
CDH1,PTPRM
CDH13,NCAM2
CDH15,CDH15
CDH2,CDH2
CDH4,CDH4
CDH5,CDH5
CDH6,CNTN1
CDH6,PTGFRN
CDH9,BTN3A1
CDHR2,KIRREL1
CDHR2,UNC5A
CEACAM1,CD209
CEACAM1,CEACAM1
CEACAM1,CEACAM5
CEACAM1,EGFR
CEACAM1,HAVCR2
CEACAM1,SELE
CEACAM16,TECTA
CEACAM16,TECTB
CEACAM20,VSIG8
CEACAM21,LILRA6
CEACAM3,CEACAM7
CEACAM3,PTPRD
CEACAM4,PDCD1LG2
CEACAM5,CD1D
CEACAM5,CD8A
CEACAM5,CEACAM3
CEACAM5,CEACAM7
CEACAM5,CEACAM8
CEACAM5,LRP8
CEACAM6,CEACAM1
CEACAM6,CEACAM5
CEACAM6,CEACAM6
CEACAM6,CEACAM8
CEACAM6,EGFR
CEACAM6,STAB1
CEACAM7,CEACAM6
CEACAM8,BTN2A2
CEACAM8,CEACAM1
CEACAM8,PTPRO
CEACAM8,TECTB
CEAM1,CD209
CEAM1,CEAM6
CEAM1,CEAM8
CEAM1,LYAM2
CEAM5,CD1D
CEAM5,CD8A
CEAM5,CEAM1
CEAM5,CEAM6
CEAM6,CEAM6
CEAM8,CEAM6
CEL,CXCR4
CELA3B,CHRM3
CER1,MRC2
CFC1,ACVR1B
CFC1,ACVR2A
CFC1,SMAD3
CFH,ITGAM
CFH,SELL
CFP,NCR1
CGA,ADCYAP1R1
CGA,ADRB2
CGA,ADRB3
CGA,FSHR
CGA,GPR20
CGA,GPR84
CGA,LHCGR
CGA,PTH1R
CGA,RAMP2
CGA,RAMP3
CGA,SIRPA
CGA,TSHR
CGA,VIPR1
CGB3,LHCGR
CGB5,LHCGR
CGB8,LHCGR
CGB8,SIRPA
CGN,F11R
CGN,OCLN
CGN,TGFBR1
CGN,TGFBR2
CHAD,ITGA2
CHAD,ITGB1
CHAT,CHRM1
CHAT,CHRM2
CHAT,CHRM3
CHAT,CHRM4
CHAT,CHRM5
CHL1,SIRPA
CHL1,TMEM132A
CHRD,BMP2
CIRBP,TREM1
CISH,EPOR
CKLF,CCR4
CKLF,LRP6
CLC2A,KLRF2
CLC2B,KLRF1
CLCF1,CNTFR
CLCF1,CRLF1
CLCF1,IL6ST
CLCF1,LIFR
CLCF1,SORL1
CLCF1_CRLF1,CNTFR
CLCF1_CRLF1,IL6ST
CLDN1,CLDN2
CLDN11,CLDN11
CLDN14,CLDN16
CLDN16,CLDN19
CLDN19,CLDN6
CLDN19,CLDN7
CLDN19,CLDN8
CLDN19,CLDN9
CLDN2,CLDN3
CLDN3,CLDN1
CLDN4,EFNB1
CLEC11A,ITGA10
CLEC11A,ITGA11
CLEC11A,ITGB1
CLEC11A,KIT
CLEC1B,KLRB1
CLEC2A,KLRB1
CLEC2A,KLRF2
CLEC2B,KLRB1
CLEC2B,KLRF1
CLEC2C,KLRB1
CLEC2D,KLRB1
CLEC2L,KLRB1
CLEC3A,CLEC10A
CLEC3A,CLEC2B
CLEC4G,LAG3
CLMP,JAML
CLU,TREM2
CLUL1,GPR55
CNGA2,CNGA2
CNGA2,CNGB1
CNGA4,CNGA4
CNGA4,CNGB1
CNGB1,CNGA1
CNGB1,CNGA2
CNGB1,CNGB1
CNMD,PTPRD
CNTF,CNTFR
CNTF,CRLF1
CNTF,EGFR
CNTF,IL6R
CNTF,IL6ST
CNTF,LIFR
CNTFR,LILRB4
CNTN1,CHL1
CNTN1,FCGRT
CNTN1,IL23R
CNTN1,MUC18
CNTN1,NFASC
CNTN1,NOTC1
CNTN1,NOTC2
CNTN1,NOTCH1
CNTN1,NOTCH2
CNTN1,NRCAM
CNTN1,PCDHB7
CNTN1,PTPRZ1
CNTN1,SGCG
CNTN2,CNTN1
CNTN2,CNTN2
CNTN2,CNTNAP2
CNTN2,KREMEN1
CNTN2,L1CAM
CNTN2,NRCAM
CNTN2,NRP1
CNTN3,PTPRG
CNTN4,APLP1
CNTN4,APP
CNTN4,LVRN
CNTN4,PTPRG
CNTN5,CHL1
CNTN5,FAM187A
CNTN5,PTPRG
CNTN5,SLAMF1
CNTN5,SPACA6
CNTN5,TMEM81
CNTN6,NOTCH1
CNTN6,PTPRG
CO3,C3AR
CO3,C5AR2
CO3A1,AGRG1
CO4A,C5AR2
CO4A1,AGRG6
CO4A2,AGRG6
CO4A3,AGRG6
CO4A4,AGRG6
CO4A5,AGRG6
CO4A6,AGRG6
CO5,C5AR1
CO5,C5AR2
COL10A1,ITGA1
COL10A1,ITGA10
COL10A1,ITGA11
COL10A1,ITGA2
COL10A1,ITGB1
COL10A1,LAIR1
COL11A1,DDR1
COL11A1,ITGA1
COL11A1,ITGA10
COL11A1,ITGA11
COL11A1,ITGA2
COL11A1,ITGB1
COL11A2,ITGA1
COL11A2,ITGA10
COL11A2,ITGA11
COL11A2,ITGA2
COL11A2,ITGB1
COL12A1,ITGA1
COL12A1,ITGA10
COL12A1,ITGA11
COL12A1,ITGA2
COL12A1,ITGB1
COL13A1,ITGA1
COL13A1,ITGA10
COL13A1,ITGA11
COL13A1,ITGA2
COL13A1,ITGB1
COL14A1,CD44
COL14A1,ITGA1
COL14A1,ITGA10
COL14A1,ITGA11
COL14A1,ITGA2
COL14A1,ITGB1
COL15A1,ITGA1
COL15A1,ITGA10
COL15A1,ITGA11
COL15A1,ITGA2
COL15A1,ITGB1
COL16A1,ITGA1
COL16A1,ITGA10
COL16A1,ITGA11
COL16A1,ITGA2
COL16A1,ITGB1
COL17A1,ITGA1
COL17A1,ITGA10
COL17A1,ITGA11
COL17A1,ITGA2
COL17A1,ITGB1
COL18A1,GPC1
COL18A1,GPC4
COL18A1,ITGA1
COL18A1,ITGA10
COL18A1,ITGA11
COL18A1,ITGA2
COL18A1,ITGA3
COL18A1,ITGA5
COL18A1,ITGB1
COL18A1,ITGB3
COL18A1,ITGB5
COL18A1,KDR
COL18A1,PTPRS
COL19A1,ITGA1
COL19A1,ITGA10
COL19A1,ITGA11
COL19A1,ITGA2
COL19A1,ITGB1
COL1A1,CD36
COL1A1,CD44
COL1A1,CD93
COL1A1,DDR1
COL1A1,DDR2
COL1A1,FLT4
COL1A1,GP6
COL1A1,ITGA1
COL1A1,ITGA10
COL1A1,ITGA11
COL1A1,ITGA2
COL1A1,ITGA3
COL1A1,ITGA5
COL1A1,ITGA9
COL1A1,ITGAV
COL1A1,ITGB1
COL1A1,ITGB8
COL1A1,LAIR1
COL1A1,SDC1
COL1A1,SDC4
COL1A1,TMPRSS6
COL1A2,CD36
COL1A2,CD44
COL1A2,CD93
COL1A2,DDR1
COL1A2,DDR2
COL1A2,FLT4
COL1A2,GP6
COL1A2,ITGA1
COL1A2,ITGA10
COL1A2,ITGA11
COL1A2,ITGA2
COL1A2,ITGA2B
COL1A2,ITGA3
COL1A2,ITGA9
COL1A2,ITGAV
COL1A2,ITGB1
COL1A2,ITGB3
COL1A2,ITGB8
COL1A2,LAIR1
COL1A2,SDC1
COL1A2,SDC4
COL20A1,ITGA1
COL20A1,ITGA10
COL20A1,ITGA11
COL20A1,ITGA2
COL20A1,ITGB1
COL21A1,ITGA1
COL21A1,ITGA10
COL21A1,ITGA11
COL21A1,ITGA2
COL21A1,ITGB1
COL22A1,ITGA1
COL22A1,ITGA10
COL22A1,ITGA11
COL22A1,ITGA2
COL22A1,ITGB1
COL24A1,ITGA1
COL24A1,ITGA10
COL24A1,ITGA11
COL24A1,ITGA2
COL24A1,ITGB1
COL26A1,ITGA1
COL26A1,ITGA10
COL26A1,ITGA11
COL26A1,ITGA2
COL26A1,ITGB1
COL27A1,ITGA1
COL27A1,ITGA10
COL27A1,ITGA11
COL27A1,ITGA2
COL27A1,ITGB1
COL28A1,ITGA1
COL28A1,ITGA10
COL28A1,ITGA11
COL28A1,ITGA2
COL28A1,ITGB1
COL2A1,CD44
COL2A1,CD93
COL2A1,DDR1
COL2A1,DDR2
COL2A1,GP6
COL2A1,ITGA1
COL2A1,ITGA10
COL2A1,ITGA11
COL2A1,ITGA2
COL2A1,ITGA2B
COL2A1,ITGA3
COL2A1,ITGA9
COL2A1,ITGAV
COL2A1,ITGB1
COL2A1,ITGB8
COL2A1,LAIR1
COL2A1,MAG
COL2A1,OR1E1
COL2A1,SDC1
COL2A1,SDC4
COL2A1,TNFRSF10A
COL3A1,CD93
COL3A1,DDR1
COL3A1,DDR2
COL3A1,ITGA1
COL3A1,ITGA10
COL3A1,ITGA11
COL3A1,ITGA2
COL3A1,ITGB1
COL3A1,LAIR1
COL3A1,MAG
COL3A1,SDC1
COL4A1,CD44
COL4A1,CD47
COL4A1,CD93
COL4A1,DDR1
COL4A1,DDR2
COL4A1,GP6
COL4A1,ITGA1
COL4A1,ITGA10
COL4A1,ITGA11
COL4A1,ITGA2
COL4A1,ITGA3
COL4A1,ITGA9
COL4A1,ITGAV
COL4A1,ITGB1
COL4A1,ITGB8
COL4A1,SDC1
COL4A1,SDC4
COL4A2,CD44
COL4A2,CD93
COL4A2,DDR1
COL4A2,DDR2
COL4A2,GP6
COL4A2,ITGA1
COL4A2,ITGA10
COL4A2,ITGA11
COL4A2,ITGA2
COL4A2,ITGA3
COL4A2,ITGA9
COL4A2,ITGAV
COL4A2,ITGB1
COL4A2,ITGB3
COL4A2,ITGB5
COL4A2,ITGB8
COL4A2,SDC1
COL4A2,SDC4
COL4A3,CD44
COL4A3,CD47
COL4A3,CD93
COL4A3,DDR1
COL4A3,DDR2
COL4A3,GP6
COL4A3,ITGA1
COL4A3,ITGA10
COL4A3,ITGA11
COL4A3,ITGA2
COL4A3,ITGA3
COL4A3,ITGA9
COL4A3,ITGAV
COL4A3,ITGB1
COL4A3,ITGB3
COL4A3,ITGB5
COL4A3,ITGB8
COL4A3,SDC1
COL4A3,SDC4
COL4A4,CD44
COL4A4,CD47
COL4A4,CD93
COL4A4,DDR1
COL4A4,DDR2
COL4A4,GP6
COL4A4,ITGA1
COL4A4,ITGA10
COL4A4,ITGA11
COL4A4,ITGA2
COL4A4,ITGA3
COL4A4,ITGA9
COL4A4,ITGAV
COL4A4,ITGB1
COL4A4,ITGB3
COL4A4,ITGB8
COL4A4,SDC1
COL4A4,SDC4
COL4A5,CD44
COL4A5,CD47
COL4A5,CD93
COL4A5,DDR1
COL4A5,DDR2
COL4A5,GP6
COL4A5,ITGA1
COL4A5,ITGA10
COL4A5,ITGA11
COL4A5,ITGA2
COL4A5,ITGA3
COL4A5,ITGA9
COL4A5,ITGAV
COL4A5,ITGB1
COL4A5,ITGB8
COL4A5,SDC1
COL4A5,SDC4
COL4A6,CD44
COL4A6,CD47
COL4A6,CD93
COL4A6,DDR1
COL4A6,DDR2
COL4A6,GP6
COL4A6,ITGA1
COL4A6,ITGA10
COL4A6,ITGA11
COL4A6,ITGA2
COL4A6,ITGA3
COL4A6,ITGA9
COL4A6,ITGAV
COL4A6,ITGB1
COL4A6,ITGB8
COL4A6,SDC1
COL4A6,SDC4
COL5A1,CD93
COL5A1,DDR1
COL5A1,DDR2
COL5A1,ITGA1
COL5A1,ITGA10
COL5A1,ITGA11
COL5A1,ITGA2
COL5A1,ITGB1
COL5A1,LAIR1
COL5A1,SDC1
COL5A1,SDC3
COL5A2,CD93
COL5A2,DDR1
COL5A2,DDR2
COL5A2,ITGA1
COL5A2,ITGA10
COL5A2,ITGA11
COL5A2,ITGA2
COL5A2,ITGB1
COL5A2,LAIR1
COL5A2,SDC1
COL5A3,CD93
COL5A3,DDR1
COL5A3,DDR2
COL5A3,ITGA1
COL5A3,ITGA10
COL5A3,ITGA11
COL5A3,ITGA2
COL5A3,ITGB1
COL5A3,SDC1
COL5A3,SDC3
COL6A1,CD44
COL6A1,GP6
COL6A1,ITGA1
COL6A1,ITGA10
COL6A1,ITGA11
COL6A1,ITGA2
COL6A1,ITGA3
COL6A1,ITGA6
COL6A1,ITGA9
COL6A1,ITGAV
COL6A1,ITGB1
COL6A1,ITGB8
COL6A1,SDC1
COL6A1,SDC4
COL6A2,CD44
COL6A2,GP6
COL6A2,ITGA1
COL6A2,ITGA10
COL6A2,ITGA11
COL6A2,ITGA2
COL6A2,ITGA3
COL6A2,ITGA9
COL6A2,ITGAV
COL6A2,ITGB1
COL6A2,ITGB8
COL6A2,SDC1
COL6A2,SDC4
COL6A3,CD44
COL6A3,GP6
COL6A3,ITGA1
COL6A3,ITGA10
COL6A3,ITGA11
COL6A3,ITGA2
COL6A3,ITGA3
COL6A3,ITGA9
COL6A3,ITGAV
COL6A3,ITGB1
COL6A3,ITGB8
COL6A3,SDC1
COL6A3,SDC4
COL6A5,CD44
COL6A5,GP6
COL6A5,ITGA1
COL6A5,ITGA10
COL6A5,ITGA11
COL6A5,ITGA2
COL6A5,ITGA3
COL6A5,ITGA9
COL6A5,ITGAV
COL6A5,ITGB1
COL6A5,ITGB8
COL6A5,SDC1
COL6A5,SDC4
COL6A6,CD44
COL6A6,GP6
COL6A6,ITGA1
COL6A6,ITGA10
COL6A6,ITGA11
COL6A6,ITGA2
COL6A6,ITGA3
COL6A6,ITGA9
COL6A6,ITGAV
COL6A6,ITGB1
COL6A6,ITGB8
COL6A6,SDC1
COL6A6,SDC4
COL7A1,ITGA1
COL7A1,ITGA10
COL7A1,ITGA11
COL7A1,ITGA2
COL7A1,ITGB1
COL8A1,DDR1
COL8A1,ITGA1
COL8A1,ITGA10
COL8A1,ITGA11
COL8A1,ITGA2
COL8A1,ITGB1
COL8A2,DDR1
COL8A2,ITGA1
COL8A2,ITGA10
COL8A2,ITGA11
COL8A2,ITGA2
COL8A2,ITGB1
COL8A2,SLC4A11
COL9A1,CD44
COL9A1,GP6
COL9A1,ITGA1
COL9A1,ITGA10
COL9A1,ITGA11
COL9A1,ITGA2
COL9A1,ITGA3
COL9A1,ITGA9
COL9A1,ITGAV
COL9A1,ITGB1
COL9A1,ITGB8
COL9A1,MAG
COL9A1,SDC1
COL9A1,SDC4
COL9A2,CD44
COL9A2,GP6
COL9A2,ITGA1
COL9A2,ITGA10
COL9A2,ITGA11
COL9A2,ITGA2
COL9A2,ITGA3
COL9A2,ITGA9
COL9A2,ITGAV
COL9A2,ITGB1
COL9A2,ITGB8
COL9A2,MAG
COL9A2,SDC1
COL9A2,SDC4
COL9A3,CD44
COL9A3,GP6
COL9A3,ITGA1
COL9A3,ITGA10
COL9A3,ITGA11
COL9A3,ITGA2
COL9A3,ITGA3
COL9A3,ITGA9
COL9A3,ITGAV
COL9A3,ITGB1
COL9A3,ITGB8
COL9A3,MAG
COL9A3,SDC1
COL9A3,SDC4
COLI,ACTHR
COLI,MC3R
COLI,MC4R
COLI,MC5R
COLI,MSHR
COLQ,MUSK
COMP,CD36
COMP,CD47
COMP,COL1A1
COMP,COL1A2
COMP,ITGA3
COMP,ITGA5
COMP,ITGA7
COMP,ITGAV
COMP,ITGB1
COMP,ITGB3
COMP,SDC1
COMP,SDC4
COPA,CD74
COPA,MTNR1B
COPA,NTRK1
COPA,P2RY6
COPA,SORT1
CORIN,KIRREL1
CORIN,LRRC4C
CORT,ADRA2A
CORT,GHSR
CORT,GRM7
CORT,MRGPRX2
CORT,MTNR1A
CORT,SSR1
CORT,SSR2
CORT,SSR3
CORT,SSR4
CORT,SSR5
CORT,SSTR1
CORT,SSTR2
CORT,SSTR3
CORT,SSTR4
CORT,SSTR5
CP,SLC40A1
CPAMD8,SCTR
CPNE3,ERBB2
CR2,CD81
CR2,ILDR1
CRF,CRFR1
CRF,CRFR2
CRH,ADCYAP1R1
CRH,ADRB2
CRH,ADRB3
CRH,CRHR1
CRH,CRHR2
CRH,GPR20
CRH,GPR84
CRH,MC2R
CRH,PTH1R
CRH,RAMP2
CRH,RAMP3
CRH,TSHR
CRH,VIPR1
CRISP2,CATSPER1
CRISP3,A1BG
CRKL,EPOR
CRLF1,CNTFR
CRLF1,IL6ST
CRLF1,LIFR
CRLF1,SORL1
CRLF2,CRLF2
CRLF2,IL7R
CRP,CR1
CRP,OLR1
CRTAM,CADM1
CRTAM,ILDR2
CRTAM,MUC15
CSF1,CELSR3
CSF1,CSF1R
CSF1,SIRPA
CSF1,SLC7A1
CSF1_IL34,CSF1R
CSF1R,LY6G6F
CSF1R,PRLR
CSF1R,PRTG
CSF1R,TEK
CSF2,CSF1R
CSF2,CSF2
CSF2,CSF2RA
CSF2,CSF2RB
CSF2,CSF3R
CSF2,IL3RA
CSF2,ITGA9
CSF2,ITGB1
CSF2,SDC2
CSF2RB,ILDR2
CSF3,CSF1R
CSF3,CSF2RA
CSF3,CSF2RB
CSF3,CSF3R
CSF3R,CD244
CSF3R,IGSF21
CSH1,PRLR
CSH2,PRLR
CSHL1,GHR
CSHL1,PRLR
CSPG4,ITGA2
CSPG4,ITGA3
CSPG4,ITGB1
CSTN1,NRX1A
CSTN1,NRX2B
CSTN1,NRX3B
CSTN2,NRX1A
CSTN2,NRX2B
CSTN2,NRX3B
CSTN3,NRX1A
CSTN3,NRX2B
CSTN3,NRX3B
CTF1,IL6ST
CTF1,LIFR
CTHRC1,FZD3
CTHRC1,FZD5
CTHRC1,FZD6
CTHRC1,ROR2
CTLA4,CD80
CTLA4,CD86
CTLA4,FAM200A
CTLA4,PCDHGB4
CTLA4,SIGLEC10
CTLA4,WBP1
CTNNB1,AQP1
CTSG,F2R
CTSG,F2RL1
CTSG,F2RL2
CTSG,F2RL3
CTSG,PARD3
CTTN,ENG
CUBN,LRP2
CX3CL1,CX3CR1
CX3CL1,ITGA4
CX3CL1,ITGAV
CX3CL1,ITGB1
CX3CL1,ITGB3
CXA1,CXA1
CXA1,CXA5
CXA3,CXA1
CXA3,CXA3
CXA3,CXA5
CXA3,CXG1
CXA5,CXA5
CXCL1,ACKR1
CXCL1,ADRA2A
CXCL1,CXCR1
CXCL1,CXCR2
CXCL1,GRM7
CXCL1,MTNR1A
CXCL10,ACKR1
CXCL10,ADRA2A
CXCL10,CCR3
CXCL10,CXCR3
CXCL10,DPP4
CXCL10,GRM7
CXCL10,MTNR1A
CXCL10,SDC4
CXCL10,TLR4
CXCL11,ACKR1
CXCL11,ACKR3
CXCL11,ADRA2A
CXCL11,CCR3
CXCL11,CCR5
CXCL11,CXCR3
CXCL11,DPP4
CXCL11,GRM7
CXCL11,MTNR1A
CXCL12,ACKR3
CXCL12,ADRA2A
CXCL12,AVPR1A
CXCL12,CCR4
CXCL12,CD4
CXCL12,CXCR3
CXCL12,CXCR4
CXCL12,DPP4
CXCL12,GRM7
CXCL12,ITGA4
CXCL12,ITGA5
CXCL12,ITGAV
CXCL12,ITGB1
CXCL12,ITGB3
CXCL12,MTNR1A
CXCL12,SDC4
CXCL13,ACKR1
CXCL13,ACKR4
CXCL13,ADRA2A
CXCL13,CCR10
CXCL13,CXCR3
CXCL13,CXCR5
CXCL13,GRM7
CXCL13,HTR2A
CXCL13,MTNR1A
CXCL13,OPRD1
CXCL14,CXCR4
CXCL16,ADRA2A
CXCL16,CXCR6
CXCL16,GRM7
CXCL16,MTNR1A
CXCL17,GPR35
CXCL2,ACKR1
CXCL2,ADRA2A
CXCL2,CXCR1
CXCL2,CXCR2
CXCL2,DPP4
CXCL2,GRM7
CXCL2,MTNR1A
CXCL2,XCR1
CXCL3,ACKR1
CXCL3,ADRA2A
CXCL3,CXCR1
CXCL3,CXCR2
CXCL3,GRM7
CXCL3,MTNR1A
CXCL5,ACKR1
CXCL5,ADRA2A
CXCL5,CXCR1
CXCL5,CXCR2
CXCL5,GRM7
CXCL5,MTNR1A
CXCL6,ACKR1
CXCL6,ADRA2A
CXCL6,CXCR1
CXCL6,CXCR2
CXCL6,GRM7
CXCL6,MTNR1A
CXCL7,CXCR1
CXCL7,CXCR2
CXCL8,ACKR1
CXCL8,ADRA2A
CXCL8,CD79A
CXCL8,CXCR1
CXCL8,CXCR2
CXCL8,GRM7
CXCL8,KDR
CXCL8,MTNR1A
CXCL8,SDC1
CXCL8,SDC2
CXCL8,SDC3
CXCL9,ACKR1
CXCL9,ADRA2A
CXCL9,CCR3
CXCL9,CXCR3
CXCL9,DPP4
CXCL9,FCGR2A
CXCL9,GRM7
CXCL9,KIR2DL3
CXCL9,MTNR1A
CXCR4,CCR5
CXCR4,CCR7
CXCR4,DPP4
CXG1,CXA1
CXG1,CXA5
CXG1,CXG1
CXL10,CXCR3
CXL10,DPP4
CXL11,ACKR3
CXL11,CXCR3
CXL11,DPP4
CXL13,ACKR4
CXL13,CXCR5
CXL14,CXCR4
CXL16,CXCR6
CYP11A1,PAQR3
CYTL1,CCR2
DAF,CD97
DAG1,CELR3
DAG1,EFNB1
DAG1,NRX3B
DAG1,SARAF
DBH,ADRA1A
DBH,ADRA1B
DBH,ADRA1D
DBH,ADRA2A
DBH,ADRA2B
DBH,ADRA2C
DBH,ADRB1
DBH,ADRB2
DBH,ADRB3
DBH,GPR161
DBP,ACKR1
DCC,ADORA2B
DCC,VSIG4
DCLK3,RAMP1
DCLK3,RAMP2
DCLK3,RAMP3
DCN,EGFR
DCN,ERBB4
DCN,IGF1R
DCN,KDR
DCN,LRP1
DCN,MET
DCN,TLR2
DCN,TLR4
DDR1,LY6G6F
DDR1,TTR
DDR2,DDR1
DEFB1,CCR6
DEFB103A,CCR2
DEFB103A,CCR6
DEFB103B,CCR2
DEFB103B,CCR6
DEFB106A,CCR2
DEFB106B,CCR2
DEFB4A,CCR6
DEFB4A,TLR4
DEFB4B,CCR6
DEFB4B,TLR4
DHH,BOC
DHH,CDON
DHH,HHIP
DHH,PTCH1
DHH,PTCH2
DHH,SMO
DKK1,KREMEN1
DKK1,KREMEN2
DKK1,LRP4
DKK1,LRP5
DKK1,LRP6
DKK1,WNT3A
DKK2,KREMEN1
DKK2,KREMEN2
DKK2,LRP5
DKK2,LRP6
DKK3,KREMEN1
DKK4,KREMEN1
DKK4,KREMEN2
DKK4,LRP5
DKK4,LRP6
DLK1,NOTC1
DLK1,NOTC2
DLK1,NOTC3
DLK1,NOTC4
DLK1,NOTCH1
DLK1,NOTCH2
DLK1,NOTCH3
DLK1,NOTCH4
DLK2,NOTCH1
DLL1,NOTC1
DLL1,NOTC2
DLL1,NOTC3
DLL1,NOTC4
DLL1,NOTCH1
DLL1,NOTCH2
DLL1,NOTCH3
DLL1,NOTCH4
DLL3,NOTC1
DLL3,NOTC2
DLL3,NOTC3
DLL3,NOTC4
DLL3,NOTCH1
DLL3,NOTCH2
DLL3,NOTCH3
DLL3,NOTCH4
DLL4,NOTC1
DLL4,NOTC2
DLL4,NOTC3
DLL4,NOTC4
DLL4,NOTCH1
DLL4,NOTCH2
DLL4,NOTCH3
DLL4,NOTCH4
DMP1,ITGAV
DMP1,ITGB3
DMP1,PHEX
DNAJA3,ERBB2
DNAJB11,PRTG
DRAXIN,DCC
DRD2,CALM1
DRD2,CALM2
DRD2,CALM3
DRD2,CCKBR
DSC1,DSG1
DSC1,DSG2
DSC1,DSG3
DSC1,DSG4
DSC2,DSG1
DSC2,DSG2
DSC2,DSG3
DSC2,DSG4
DSC3,CRTAM
DSC3,DSG1
DSC3,DSG2
DSC3,DSG3
DSC3,DSG4
DSCAM,DCC
DSCAM,NOTCH3
DSCAM,PTPRK
DSCAM,PTPRM
DSCAM,PTPRT
DSCAML1,PTPRK
DSCAML1,PTPRM
DSCAML1,PTPRT
DSG1,DSC1
DSG1,DSC2
DSG1,DSC3
DSG1,FLT4
DSG2,DSC3
DSPP,ITGAV
DSPP,ITGB1
DSPP,ITGB6
DUSP18,CD151
DUSP18,ITGA1
DUSP18,ITGA2
DUSP18,ITGA3
DUSP18,ITGA6
DUSP18,ITGA7
DUSP18,ITGB1
DUSP18,ITGB4
DUSP18,ITGB8
DUSP18,RPSA
DYM,ERBB2
EBI3,IL27RA
EBI3,IL6ST
EBI3_IL12A,IL12RB2
EBI3_IL12A,IL6ST
EBI3_IL27,IL27RA
EBI3_IL27,IL6ST
ECM1,CACHD1
ECM1,ITGB4
EDA,EDA2R
EDA,EDAR
EDA,IL1RL1
EDA2R,KIR3DL3
EDIL3,ITGA5
EDIL3,ITGAV
EDIL3,ITGB1
EDIL3,ITGB3
EDIL3,ITGB5
EDN1,ADGRL4
EDN1,EDNRA
EDN1,EDNRB
EDN1,KEL
EDN2,EDNRA
EDN2,EDNRB
EDN2,KEL
EDN3,EDNRA
EDN3,EDNRB
EDN3,KEL
EDNRA,GNA11
EDNRB,GNA11
EFEMP1,EGFR
EFEMP2,AQP1
EFEMP2,CATSPER1
EFEMP2,LINGO1
EFEMP2,PLSCR4
EFNA1,EPHA1
EFNA1,EPHA10
EFNA1,EPHA2
EFNA1,EPHA3
EFNA1,EPHA4
EFNA1,EPHA5
EFNA1,EPHA6
EFNA1,EPHA7
EFNA1,EPHA8
EFNA1,EPHB1
EFNA1,EPHB6
EFNA2,CLDN4
EFNA2,EPHA1
EFNA2,EPHA10
EFNA2,EPHA2
EFNA2,EPHA3
EFNA2,EPHA4
EFNA2,EPHA5
EFNA2,EPHA6
EFNA2,EPHA7
EFNA2,EPHA8
EFNA3,EPHA1
EFNA3,EPHA10
EFNA3,EPHA2
EFNA3,EPHA3
EFNA3,EPHA4
EFNA3,EPHA5
EFNA3,EPHA6
EFNA3,EPHA7
EFNA3,EPHA8
EFNA3,EPHB1
EFNA3,EPHB6
EFNA4,EPHA1
EFNA4,EPHA10
EFNA4,EPHA2
EFNA4,EPHA3
EFNA4,EPHA4
EFNA4,EPHA5
EFNA4,EPHA6
EFNA4,EPHA7
EFNA4,EPHA8
EFNA4,PDGFRB
EFNA5,EPHA1
EFNA5,EPHA10
EFNA5,EPHA2
EFNA5,EPHA3
EFNA5,EPHA4
EFNA5,EPHA5
EFNA5,EPHA6
EFNA5,EPHA7
EFNA5,EPHA8
EFNA5,EPHB1
EFNA5,EPHB2
EFNA5,EPHB6
EFNB1,CLDN1
EFNB1,DSG4
EFNB1,EPHA2
EFNB1,EPHA3
EFNB1,EPHA4
EFNB1,EPHA6
EFNB1,EPHB1
EFNB1,EPHB2
EFNB1,EPHB3
EFNB1,EPHB4
EFNB1,EPHB6
EFNB1,ERBB2
EFNB1,EVC2
EFNB1,FAM187B
EFNB1,ITLN1
EFNB1,LVRN
EFNB1,NAALAD2
EFNB1,SLAMF9
EFNB1,TRHDE
EFNB2,EPHA10
EFNB2,EPHA3
EFNB2,EPHA4
EFNB2,EPHA6
EFNB2,EPHA8
EFNB2,EPHB1
EFNB2,EPHB2
EFNB2,EPHB3
EFNB2,EPHB4
EFNB2,EPHB6
EFNB2,FCRL1
EFNB2,GRM1
EFNB2,GRM5
EFNB2,HIDE1
EFNB2,KIR2DS3
EFNB2,PECAM1
EFNB2,RHBDL2
EFNB2,TCTN2
EFNB3,EPHA10
EFNB3,EPHA3
EFNB3,EPHA4
EFNB3,EPHB1
EFNB3,EPHB2
EFNB3,EPHB3
EFNB3,EPHB4
EFNB3,EPHB6
EFNB3,HIDE1
EFNB3,RHBDL2
EGF,ADRB2
EGF,AXL
EGF,CAV1
EGF,EGFR
EGF,ERBB2
EGF,ERBB3
EGF,ERBB4
EGF,FSHR
EGF,LDLR
EGF,LRP2
EGF,NRP1
EGF,PLD2
EGF,RHBDL2
EGF,TNFRSF11B
EGFL8,NCR3
EGFR,ADAM17
EGFR,ADRB2
EGFR,ERBB2
EGFR,FGFR1
ELA,APJ
ENAM,CD63
ENG,CDH5
ENG,ITGAV
ENHO,GPR19
ENPP1,INSR
ENTP1,AA1R
ENTP1,AA2AR
ENTP1,AA2BR
ENTP1,AA3R
ENTPD1,ADORA1
ENTPD1,ADORA2A
ENTPD1,ADORA2B
ENTPD1,ADORA3
ENTPD1,TMIGD3
EPCAM,CLDN1
EPCAM,CLDN7
EPGN,EGFR
EPHA1,FGFR1
EPHA1,FGFR3
EPHA1,GPI
EPHA2,EGFR
EPHA2,FGFR1
EPHA2,FGFR3
EPHA3,CD274
EPHA3,FGFR1
EPHA3,FGFR3
EPHA3,LILRA3
EPHA4,FGFR3
EPHA5,FGFR1
EPHA5,FGFR3
EPHA7,FGFR1
EPHA7,FGFR3
EPHA7,PILRB
EPHB6,FLT1
EPN1,ERBB3
EPO,CRLF3
EPO,EFNB2
EPO,EPHB4
EPO,EPOR
ERBB2,EPOR
ERBB2,ERBB3
ERBB4,DLK1
EREG,EGFR
EREG,ERBB2
EREG,ERBB3
EREG,ERBB4
ERFE,LRP1
ESAM,ESAM
ESM1,ITGAL
ESM1,ITGB2
ESR1,CAV1
ETV5,ERBB2
EXOC3-AS1,TRAF2
F10,F3
F10,ITGAM
F10,ITGB2
F11,GP1BA
F11,GP1BB
F11,GP5
F11,GP9
F11R,F11R
F11R,ITGAL
F11R,ITGB2
F11R,JAM2
F11R,JAM3
F11R,ULBP3
F12,CD93
F12,GP1BA
F12,GP1BB
F12,GP5
F12,GP9
F13A1,ITGA4
F13A1,ITGA9
F13A1,ITGB1
F2,F2R
F2,F2RL1
F2,F2RL2
F2,F2RL3
F2,GP1BA
F2,GP1BB
F2,GP9
F2,ITGA2B
F2,PARD3
F2,THBD
F2RL1,ATP2A2
F2RL1,F2R
F2RL1,PRNP
F3,ULBP3
F7,F3
F8,ASGR2
F8,LDLR
F8,LRP1
F8,LRP2
F8,LRP4
F9,LRP1
FABP5,RXRA
FADD,ABCA1
FADD,FAS
FADD,TRADD
FADD,TRAF2
FAM126B,ENG
FAM3B,LRP5
FAM3C,ADGRG5
FAM3C,CLEC2D
FAM3C,FFAR2
FAM3C,GLRA2
FAM3C,GPR42
FAM3C,HLA-C
FAM3C,KIR2DL3
FAM3C,LAMP1
FAM3C,LIFR
FAM3C,PDCD1
FAM3D,FPR1
FAM3D,FPR2
FAP,NPR2
FARP2,PLXNA1
FARP2,PLXNA2
FARP2,PLXNA3
FARP2,PLXNA4
FASL,FAS
FASLG,FAS
FASLG,TNFRSF10B
FASLG,TNFRSF1A
FASLG,TNFRSF6B
FAT4,DCHS1
FBLN1,ITGB1
FBLN1,VCAN
FBLN2,ITGB3
FBLN2,VCAN
FBN1,ITGA5
FBN1,ITGAV
FBN1,ITGB1
FBN1,ITGB3
FBN1,ITGB6
FCAMR,PILRA
FCAR,CD33
FCAR,PDCD1LG2
FCAR,SIGLEC10
FCAR,SIGLEC14
FCAR,SIGLEC6
FCAR,TNFRSF14
FCAR,VSIG8
FCER1A,PEAR1
FCER2,CR2
FCER2,FGFR2
FCER2,ITGAM
FCER2,ITGAV
FCER2,ITGAX
FCER2,ITGB2
FCER2,ITGB3
FCER2A,CR2
FCER2A,ITGAM
FCER2A,ITGAV
FCER2A,ITGAX
FCER2A,ITGB2
FCER2A,ITGB3
FCGR1A,CD72
FCGR1A,ILDR1
FCGR1A,LILRB3
FCGR1A,MOG
FCGR1A,PILRA
FCGR2A,BTNL8
FCGR2A,CD72
FCGR2A,ILDR1
FCGR2A,MOG
FCGR2A,MPZ
FCGR2A,PDCD1
FCGR2A,PDGFRB
FCGR2A,TARM1
FCGR2A,TIGIT
FCGR3B,EDA2R
FCGRT,CD300E
FCGRT,IGFLR1
FCGRT,LILRA2
FCGRT,LILRB2
FCGRT,SHISA4
FCN2,LRP1
FCRL1,VSIG8
FCRL4,JAML
FGA,CDH5
FGA,ITGA2B
FGA,ITGA5
FGA,ITGAD
FGA,ITGAM
FGA,ITGAV
FGA,ITGAX
FGA,ITGB1
FGA,ITGB2
FGA,ITGB3
FGA,PLAUR
FGA,TLR4
FGA,VCAM1
FGB,CDH5
FGB,ITGA2B
FGB,ITGA5
FGB,ITGAM
FGB,ITGAV
FGB,ITGB1
FGB,ITGB2
FGB,ITGB3
FGB,TLR4
FGB,VCAM1
FGF1,CD44
FGF1,CSPG4
FGF1,EGFR
FGF1,FGFR1
FGF1,FGFR2
FGF1,FGFR3
FGF1,FGFR4
FGF1,FGFRL1
FGF1,ITGAV
FGF1,ITGB3
FGF1,NRP1
FGF1,TGFBR3
FGF10,FGFR1
FGF10,FGFR2
FGF10,FGFR3
FGF10,FGFR4
FGF10,FGFRL1
FGF11,FGFR1
FGF11,FGFR2
FGF11,FGFR3
FGF11,FGFR4
FGF12,FGFR1
FGF12,FGFR2
FGF12,FGFR3
FGF12,FGFR4
FGF13,EGFR
FGF13,FGFR1
FGF13,FGFR2
FGF13,FGFR3
FGF13,FGFR4
FGF13,SCN5A
FGF13,SCN8A
FGF14,FGFR1
FGF14,FGFR2
FGF14,FGFR3
FGF14,FGFR4
FGF15,FGFR1
FGF15,FGFR2
FGF15,FGFR3
FGF15,FGFR4
FGF16,FGFR1
FGF16,FGFR2
FGF16,FGFR3
FGF16,FGFR4
FGF17,FGFR1
FGF17,FGFR2
FGF17,FGFR3
FGF17,FGFR4
FGF18,FGFR1
FGF18,FGFR2
FGF18,FGFR3
FGF18,FGFR4
FGF19,FGFR1
FGF19,FGFR2
FGF19,FGFR3
FGF19,FGFR4
FGF19,KLB
FGF2,CD44
FGF2,FGFR1
FGF2,FGFR2
FGF2,FGFR3
FGF2,FGFR4
FGF2,FGFRL1
FGF2,GPC4
FGF2,ITGAV
FGF2,ITGB3
FGF2,NRP1
FGF2,SDC1
FGF2,SDC2
FGF2,SDC3
FGF2,SDC4
FGF2,THBS1
FGF2,THBS2
FGF20,FGFR1
FGF20,FGFR2
FGF20,FGFR3
FGF20,FGFR4
FGF21,FGFR1
FGF21,FGFR2
FGF21,FGFR3
FGF21,FGFR4
FGF21,KLB
FGF22,FGFR1
FGF22,FGFR2
FGF22,FGFRL1
FGF23,FGFR1
FGF23,FGFR2
FGF23,FGFR3
FGF23,FGFR4
FGF23,KL
FGF23,PHEX
FGF3,FGFR1
FGF3,FGFR2
FGF3,FGFR3
FGF3,FGFR4
FGF3,FGFRL1
FGF4,FGFR1
FGF4,FGFR2
FGF4,FGFR3
FGF4,FGFR4
FGF4,FGFRL1
FGF4,NRP1
FGF5,FGFR1
FGF5,FGFR2
FGF5,FGFR3
FGF5,FGFR4
FGF6,FGFR1
FGF6,FGFR2
FGF6,FGFR3
FGF6,FGFR4
FGF6,SDC4
FGF7,FGFR1
FGF7,FGFR2
FGF7,FGFR3
FGF7,FGFR4
FGF7,NRP1
FGF8,FGFR1
FGF8,FGFR2
FGF8,FGFR3
FGF8,FGFR4
FGF8,FGFRL1
FGF9,FGFR1
FGF9,FGFR2
FGF9,FGFR3
FGF9,FGFR4
FGFR1,SDC4
FGFR2,CD44
FGFR2,CD83
FGFR2,EPHA4
FGFR2,FGFR1
FGFR2,NEGR1
FGFR2,PTPRR
FGFR2,RAMP1
FGFR2,ROS1
FGFR2,SDC4
FGFR2,XPR1
FGFR3,KL
FGFR3,LRRTM2
FGFR3,SDC4
FGFR4,BCAM
FGFR4,EPHA4
FGFR4,GPC6
FGFR4,KL
FGFR4,LAIR1
FGFR4,LILRA6
FGFR4,MCAM
FGFR4,PTPRD
FGFR4,PTPRR
FGFR4,PTPRS
FGFR4,SDC4
FGFR4,SIGLEC15
FGFR4,TGBR3
FGFR4,TNFRSF10A
FGFR4,UNC5A
FGFRL1,FGFR1
FGFRL1,GP6
FGFRL1,PLVAP
FGG,ITGA2B
FGG,ITGA5
FGG,ITGAV
FGG,ITGB1
FGG,ITGB2
FGG,ITGB3
FGG,TLR4
FGG,VCAM1
FGL1,EGFR
FGL1,LAG3
FLNA,CASR
FLNA,DRD2
FLNA,DRD3
FLNA,GRM4
FLNA,GRM5
FLNA,GRM7
FLNA,GRM8
FLNA,MTNR1A
FLNA,MTNR1B
FLNA,OPRM1
FLRT1,AGRL1
FLRT1,AGRL3
FLRT1,UNC5A
FLRT1,UNC5B
FLRT1,UNC5D
FLRT2,AGRL1
FLRT2,AGRL3
FLRT2,UNC5A
FLRT2,UNC5B
FLRT2,UNC5D
FLRT3,AGRL2
FLRT3,AGRL3
FLRT3,UNC5A
FLRT3,UNC5B
FLRT3,UNC5D
FLT1,CD300LB
FLT1,CD300LF
FLT1,EGFR
FLT1,ELFN1
FLT1,NRP1
FLT1,TREM2
FLT3L,FLT3
FLT3LG,FLT3
FLT4,ADAM21
FLT4,CEACAM4
FLT4,FCRL1
FLT4,FLRT2
FLT4,ILDR2
FLT4,KIR2DS5
FLT4,LILRB1
FLT4,MUC15
FLT4,NRP2
FMOD,TGFB1
FN1,C5AR1
FN1,CD44
FN1,CD79A
FN1,CD93
FN1,COL13A1
FN1,DPP4
FN1,ENG
FN1,FLT4
FN1,IL17RC
FN1,ITGA2
FN1,ITGA2B
FN1,ITGA3
FN1,ITGA4
FN1,ITGA5
FN1,ITGA6
FN1,ITGA8
FN1,ITGA9
FN1,ITGAD
FN1,ITGAV
FN1,ITGB1
FN1,ITGB2
FN1,ITGB3
FN1,ITGB6
FN1,ITGB7
FN1,ITGB8
FN1,LRP4
FN1,MAG
FN1,NT5E
FN1,PLAUR
FN1,ROBO4
FN1,SDC1
FN1,SDC2
FN1,SDC4
FN1,TMPRSS6
FN1,TNFRSF11B
FN1,TSHR
FNDC5,ITGAV
FNDC5,ITGB5
FRAS1_FREM1_NPNT,ITGA8
FRAS1_FREM1_NPNT,ITGB1
FRAS1_FREM2_NPNT,ITGA8
FRAS1_FREM2_NPNT,ITGB1
FRIH,SCAR5
FRIL,SCAR5
FRS3,FGFR1
FRZB,MYOC
FRZB,WNT1
FRZB,WNT8A
FSHB,ADCYAP1R1
FSHB,ADRB2
FSHB,ADRB3
FSHB,FSHR
FSHB,GPR20
FSHB,GPR84
FSHB,PTH1R
FSHB,RAMP2
FSHB,RAMP3
FSHB,TSHR
FSHB,VIPR1
FST,BMPR1B
FST,BMPR2
FST,HJV
FST,INHBA
FST,INHBE
FSTL1,DIP2A
FSTL5,CD86
FSTL5,CEACAM19
FSTL5,CHL1
FSTL5,CNTN5
FSTL5,GP6
FSTL5,IL6R
FSTL5,LILRA1
FSTL5,LILRB2
FSTL5,SDK2
FSTL5,SIGLEC6
FYN,SPN
FYN,THY1
FZD7,PRNP
FZD8,CKAP4
GABRB2,HTR1A
GAD1,GRM4
GAL,ADRA2A
GAL,GALR1
GAL,GALR2
GAL,GALR3
GAL,GPR151
GAL,GRM7
GAL,HLA-DPA1
GAL,MTNR1A
GALA,GALR1
GALA,GALR2
GALA,GALR3
GALP,GALR1
GALP,GALR2
GALP,GALR3
GAS6,AXL
GAS6,MERTK
GAS6,TYRO3
GAS6,UFO
GAST,AGRG1
GAST,CCKAR
GAST,CCKBR
GAST,GASR
GAST,GPR152
GAST,KIR2DL3
GC,LRP2
GCG,ADCYAP1R1
GCG,ADRB2
GCG,ADRB3
GCG,DPP4
GCG,FAP
GCG,GCGR
GCG,GIPR
GCG,GLP1R
GCG,GLP2R
GCG,GPR20
GCG,GPR84
GCG,PTH1R
GCG,RAMP2
GCG,RAMP3
GCG,TSHR
GCG,VIPR1
GDF1,ACVR1
GDF1,ACVR1B
GDF1,ACVR1C
GDF1,ACVR2A
GDF1,ACVR2B
GDF1,BMPR1A
GDF1,BMPR1B
GDF1,BMPR2
GDF1,HTR4
GDF1,SMAD3
GDF1,TGFBR1
GDF10,ACVR1B
GDF10,ACVR1C
GDF10,ACVR2A
GDF10,ACVR2B
GDF10,BMPR1A
GDF10,BMPR1B
GDF10,BMPR2
GDF10,TGFBR1
GDF11,ACVR1B
GDF11,ACVR1C
GDF11,ACVR2A
GDF11,ACVR2B
GDF11,ANTXR1
GDF11,BMPR1A
GDF11,BMPR1B
GDF11,BMPR2
GDF11,TGFBR1
GDF15,GFRAL
GDF15,RET
GDF15,TGFBR2
GDF2,ACVR1
GDF2,ACVR2A
GDF2,ACVR2B
GDF2,ACVRL1
GDF2,BMPR1A
GDF2,BMPR1B
GDF2,BMPR2
GDF2,ENG
GDF3,ACVR1B
GDF3,ACVR1C
GDF3,ACVR2A
GDF3,ACVR2B
GDF3,BMPR1A
GDF3,BMPR1B
GDF3,BMPR2
GDF3,TDGF1
GDF3,TGFBR1
GDF5,ACVR1
GDF5,ACVR2A
GDF5,ACVR2B
GDF5,BMPR1A
GDF5,BMPR1B
GDF5,BMPR2
GDF5,ROR2
GDF6,ACVR2A
GDF6,ACVR2B
GDF6,BMPR1A
GDF6,BMPR1B
GDF6,BMPR2
GDF7,ACVR1B
GDF7,ACVR1C
GDF7,ACVR2A
GDF7,ACVR2B
GDF7,BMPR1A
GDF7,BMPR1B
GDF7,BMPR2
GDF7,TGFBR1
GDF9,ACVR1B
GDF9,ACVR1C
GDF9,ACVR2A
GDF9,ACVR2B
GDF9,BMPR1A
GDF9,BMPR1B
GDF9,BMPR2
GDF9,FXYD6
GDF9,ORAI2
GDF9,TGFBR1
GDNF,EDNRB
GDNF,GFRA1
GDNF,GFRA2
GDNF,GFRA3
GDNF,NCAM1
GDNF,RET
GDNF,SLC44A5
GFAP,APLNR
GFRA1,TREM2
GGT1,CD53
GGT1,CD81
GGT1,CD82
GGT2,CD81
GH,GHR
GH,PRLR
GH1,EPOR
GH1,GHR
GH1,PRLR
GH2,GHR
GHR,EPOR
GHRH,ADCYAP1R1
GHRH,ADRB2
GHRH,ADRB3
GHRH,DPP4
GHRH,GHRHR
GHRH,GHSR
GHRH,GPR20
GHRH,GPR84
GHRH,PTH1R
GHRH,RAMP2
GHRH,RAMP3
GHRH,TSHR
GHRH,VIPR1
GHRH,VIPR2
GHRL,GHRHR
GHRL,GHSR
GHRL,GPR39
GHRL,MLNR
GHRL,PTGER3
GHRL,PTGIR
GHRL,TBXA2R
GIP,ADCYAP1R1
GIP,ADRB2
GIP,ADRB3
GIP,DPP4
GIP,FAP
GIP,GIPR
GIP,GPR20
GIP,GPR84
GIP,INSR
GIP,PTH1R
GIP,RAMP2
GIP,RAMP3
GIP,TSHR
GIP,VIPR1
GLG1,MOG
GLG1,UNC5B
GLUC,GLP1R
GLUC,GLP2R
GLUC,GLR
GNA13,TBXA2R
GNA15,GRM2
GNA15,GRM4
GNAI1,HTR1A
GNAI2,ADCY1
GNAI2,ADCY7
GNAI2,ADCY8
GNAI2,ADCY9
GNAI2,ADORA1
GNAI2,ADRA2A
GNAI2,ADRA2B
GNAI2,AGTR2
GNAI2,C5AR1
GNAI2,CAV1
GNAI2,CCR5
GNAI2,CHRM1
GNAI2,CNR1
GNAI2,CXCR1
GNAI2,CXCR2
GNAI2,CXCR3
GNAI2,DRD2
GNAI2,EDNRA
GNAI2,EDNRB
GNAI2,EGFR
GNAI2,F2R
GNAI2,FPR1
GNAI2,HTR1A
GNAI2,IGF1R
GNAI2,LHCGR
GNAI2,LPAR3
GNAI2,MTNR1A
GNAI2,MTNR1B
GNAI2,OPRD1
GNAI2,OPRM1
GNAI2,P2RY12
GNAI2,PTPRU
GNAI2,S1PR1
GNAI2,S1PR3
GNAI2,S1PR4
GNAI2,S1PR5
GNAI2,TBXA2R
GNAI2,TSHR
GNAI2,UNC5B
GNAI3,AGTR2
GNAI3,HTR1A
GNAS,ADCY1
GNAS,ADCY7
GNAS,ADCY8
GNAS,ADCY9
GNAS,ADORA1
GNAS,ADRB2
GNAS,ADRB3
GNAS,AVPR2
GNAS,CRHR1
GNAS,GCGR
GNAS,GLP1R
GNAS,HTR6
GNAS,LHCGR
GNAS,PTGDR
GNAS,PTGIR
GNAS,TSHR
GNAS,VIPR1
GNB1,GRM7
GNB3,GABBR2
GNB3,TGFBR1
GNRH1,GNRHR
GNRH1,GNRHR2
GNRH2,GNRHR
GON1,GNRHR
GON1,GNRR2
GON2,GNRHR
GON2,GNRR2
GP15L,GPR15
GP15L,SUSD2
GP1BA,ITGAM
GP1BA,ITGB2
GP1BA,SELP
GP1BB,ITGAM
GP1BB,ITGB2
GP1BB,SELP
GP5,ITGAM
GP5,ITGB2
GP5,LAYN
GP5,SELP
GP5_GP9,GP1BA
GP5_GP9,GP1BB
GP6,ITGA2
GP6,ITGB1
GP9,ITGAM
GP9,ITGB2
GP9,SELP
GPC1,TNFRSF11B
GPC3,CD81
GPC3,FGFR4
GPC3,FLT1
GPC3,IGF1R
GPC3,LRP1
GPC3,LRP2
GPC3,TNFRSF11B
GPC3,UNC5C
GPC3,UNC5D
GPC3,VSIG10L
GPC4,FGFR4
GPC4,FGFRL1
GPC4,FLT1
GPC4,IGDCC4
GPC4,TNFRSF11B
GPC6,FGFRL1
GPC6,LRP1
GPC6,LRP2
GPHA2,ADGRV1
GPHA2,EPHA6
GPHA2,TSHR
GPHB5,TSHR
GPI,AMFR
GPI,NTRK1
GPR15L,GPR15
GPR26,HTR1A
GPR37,FA2H
GPR37,GABBR1
GPR37,SLC3A2
GPR37,TMEM161A
GPR37,TTYH1
GPR37,YIF1A
GPR37,YIF1B
GRB7,ERBB2
GRB7,ERBB3
GREM1,KDR
GRK2,GRM1
GRK5,ADRB2
GRN,CLEC4M
GRN,EGFR
GRN,NTRK1
GRN,SORT1
GRN,TNFRSF1A
GRN,TNFRSF1B
GROA,ACKR1
GROA,CXCR1
GROA,CXCR2
GRP,BRS3
GRP,FAP
GRP,GRPR
GRP,NMBR
GSTM2,RYR2
GSTO1,RYR1
GSTP1,EGFR
GSTP1,TRAF2
GUCA1A,GUCY2D
GUCA1A,GUCY2F
GUCA1B,GUCY2D
GUCA1B,GUCY2F
GUCA2A,GUCY2C
GUCA2B,GUCY2C
GUCA2B,GUCY2D
GUCY2D,NECTIN3
GUCY2D,NECTIN4
GZMA,F2R
GZMA,F2RL1
GZMA,F2RL2
GZMA,F2RL3
GZMA,PARD3
GZMB,CHRM3
GZMB,IGF2R
GZMB,PGRMC1
HAPLN1,ADGRA2
HAPLN1,AGER
HAPLN1,IGDCC4
HAPLN1,IL1RL1
HAPLN1,MICA
HAPLN1,MPIG6B
HAPLN1,PRTG
HAPLN1,TNFRSF11B
HAPLN1,TREML2
HAS1,CD44
HAS2,CD44
HAS2,ERBB2
HAS2,HMMR
HAVCR1,BTN3A3
HAVCR1,CD300LB
HAVCR1,HAVCR1
HAVCR1,IGSF21
HAVCR1,SIGLEC1
HBEGF,CD44
HBEGF,CD82
HBEGF,CD9
HBEGF,EGFR
HBEGF,ERBB2
HBEGF,ERBB4
HBEGF,MOG
HBEGF,PRLR
HC,C5AR1
HCRT,HCRTR1
HCRT,HCRTR2
HCRT,NPFFR2
HDC,HRH1
HDC,HRH2
HDC,HRH3
HDC,HRH4
HEBP1,ADRA2A
HEBP1,FPR3
HEBP1,GRM7
HEBP1,MTNR1A
HFE,TFR1
HGF,CD44
HGF,ITGB1
HGF,MET
HGF,NRP1
HGF,SDC1
HGF,SDC2
HGF,ST14
HGFL,RON
HHIPL2,CACHD1
HHLA2,TMIGD2
HHLA2,VSIG8
HHLA2,VSTM2B
HHLA3,CHRM3
HLAA,KI3L1
HLA-A,APLP2
HLA-A,CD3D
HLA-A,CD3G
HLA-A,CD8A
HLA-A,CD8B
HLA-A,CD8B2
HLA-A,ERBB2
HLA-A,KIR2DL1
HLA-A,KIR2DL2
HLA-A,KIR2DL3
HLA-A,KIR2DS4
HLA-A,KIR3DL1
HLA-A,KIR3DL2
HLA-A,KLRD1
HLA-A,LILRA1
HLA-A,LILRB1
HLA-A,LILRB2
HLAB,KI3L2
HLA-B,CANX
HLA-B,CD3D
HLA-B,CD3G
HLA-B,CD8A
HLA-B,CD8B
HLA-B,CD8B2
HLA-B,KIR2DL1
HLA-B,KIR2DL3
HLA-B,KIR3DL1
HLA-B,KIR3DL2
HLA-B,KLRD1
HLA-B,LILRA1
HLA-B,LILRB1
HLA-B,LILRB2
HLA-B,SIGLEC10
HLAC,KI2L1
HLAC,KI2L3
HLA-C,CD3D
HLA-C,CD3G
HLA-C,CD53
HLA-C,CD81
HLA-C,CD8A
HLA-C,CD8B
HLA-C,CD8B2
HLA-C,DDR1
HLA-C,KIR2DL1
HLA-C,KIR2DL2
HLA-C,KIR2DL3
HLA-C,KIR2DL5A
HLA-C,KIR2DS1
HLA-C,KIR2DS2
HLA-C,KIR2DS4
HLA-C,KIR2DS5
HLA-C,KIR3DL1
HLA-C,KIR3DL3
HLA-C,LILRA1
HLA-C,LILRA3
HLA-C,LILRB1
HLA-C,LILRB2
HLA-C,NOTCH4
HLA-C,SLC9C2
HLA-DMA,CD4
HLA-DMB,CD4
HLA-DOA,CD4
HLA-DOB,CD4
HLA-DPA1,CD4
HLA-DPA1,LAG3
HLA-DPB1,CD4
HLA-DPB1,LAG3
HLA-DQA1,CD4
HLA-DQA1,LAG3
HLA-DQA2,CD4
HLA-DQA2,LAG3
HLA-DQB1,CD4
HLA-DQB1,LAG3
HLA-DQB2,LAG3
HLA-DRA,CD19
HLA-DRA,CD37
HLA-DRA,CD4
HLA-DRA,CD53
HLA-DRA,CD63
HLA-DRA,CD81
HLA-DRA,CD82
HLA-DRA,CD9
HLA-DRA,CR2
HLA-DRA,LAG3
HLA-DRB1,CD19
HLA-DRB1,CD37
HLA-DRB1,CD4
HLA-DRB1,CD53
HLA-DRB1,CD81
HLA-DRB1,CD82
HLA-DRB1,CR2
HLA-DRB1,LAG3
HLA-DRB3,CD4
HLA-DRB3,LAG3
HLA-DRB4,CD4
HLA-DRB4,LAG3
HLA-DRB5,CD4
HLA-DRB5,LAG3
HLAE,NKG2A
HLAE,NKG2C
HLAE,NKG2D
HLAE,VISTA
HLA-E,CD8A
HLA-E,CD8B
HLA-E,CD8B2
HLA-E,CD94:NKG2A
HLA-E,CD94:NKG2C
HLA-E,CD94:NKG2E
HLA-E,KIR3DL1
HLA-E,KLRC1
HLA-E,KLRC2
HLA-E,KLRC3
HLA-E,KLRD1
HLA-E,KLRK1
HLA-E,SLC16A4
HLAF,KI3L1
HLAF,KI3L2
HLAF,KI3S1
HLAF,LIRB1
HLAF,LIRB2
HLAF,VISTA
HLA-F,CD8A
HLA-F,CD8B
HLA-F,CD8B2
HLA-F,KIR3DL1
HLA-F,KIR3DL2
HLA-F,KIR3DS1
HLA-F,LILRB1
HLA-F,LILRB2
HLAG,LIRB1
HLAG,LIRB2
HLA-G,CD4
HLA-G,CD8A
HLA-G,CD8B
HLA-G,CD8B2
HLA-G,KIR2DL4
HLA-G,KIR3DL1
HLA-G,KLRC1
HLA-G,KLRD1
HLA-G,LILRB1
HLA-G,LILRB2
HMGB1,AGER
HMGB1,CD163
HMGB1,CXCR4
HMGB1,HAVCR2
HMGB1,SDC1
HMGB1,THBD
HMGB1,TLR2
HMGB1,TLR4
HMGB1,TLR9
HP,ASGR1
HP,ASGR2
HP,CD163
HP,CD22
HP,ITGAM
HP,ITGB2
HP,TLR4
HPGDS,PTGDR
HPGDS,PTGDR2
HPX,LRP1
HRAS,AGTR1
HRAS,CAV1
HRAS,GRIN2D
HRAS,INSR
HRAS,SDC2
HRAS,TLR2
HRAS,TLR9
HRG,ERBB2
HRG,ERBB3
HRG,FCGR1A
HSP90AA1,CFTR
HSP90AA1,EGFR
HSP90AA1,ERBB2
HSP90AA1,FGFR3
HSP90AA1,ITGB3
HSP90AA1,LRP1
HSP90AB1,ERBB2
HSP90B1,ASGR1
HSP90B1,ERBB2
HSP90B1,LRP1
HSP90B1,TLR1
HSP90B1,TLR2
HSP90B1,TLR4
HSP90B1,TLR7
HSP90B1,TLR9
HSPA1A,GRIN2D
HSPA1A,TLR4
HSPA4,TLR4
HSPA8,ADRB2
HSPA8,LDLR
HSPA8,LRP2
HSPG2,CHRM3
HSPG2,COL13A1
HSPG2,DAG1
HSPG2,FGFR1
HSPG2,ITGA2
HSPG2,ITGB1
HSPG2,LRP1
HSPG2,LRP2
HSPG2,PTPRS
HSPG2,SDC1
HTR1B,HTR1A
HTR1D,HTR1A
HTR4,GPR37
HTR6,ATXN10
HUNIN,FPR2
HUNIN,FPR3
IAPP,ADCYAP1R1
IAPP,ADRB2
IAPP,ADRB3
IAPP,CALCR
IAPP,CALCRL
IAPP,GPR20
IAPP,GPR84
IAPP,PTH1R
IAPP,RAMP1
IAPP,RAMP2
IAPP,RAMP3
IAPP,TSHR
IAPP,VIPR1
IBP3,TM219
IBSP,ITGAV
IBSP,ITGB3
IBSP,ITGB5
ICAM1,CAV1
ICAM1,EGFR
ICAM1,EZR
ICAM1,IL2RA
ICAM1,IL2RG
ICAM1,ITAL
ICAM1,ITGAD
ICAM1,ITGAL
ICAM1,ITGAM
ICAM1,ITGAX
ICAM1,ITGB2
ICAM1,LEUK
ICAM1,MSN
ICAM1,MUC1
ICAM1,SPN
ICAM1,VCAM1
ICAM2,CD209
ICAM2,ITGAL
ICAM2,ITGAM
ICAM2,ITGB2
ICAM3,CD209
ICAM3,CLC4M
ICAM3,CLEC4M
ICAM3,ITGAD
ICAM3,ITGAL
ICAM3,ITGB2
ICAM4,ITGA2B
ICAM4,ITGA4
ICAM4,ITGAL
ICAM4,ITGAM
ICAM4,ITGAV
ICAM4,ITGB1
ICAM4,ITGB2
ICAM4,ITGB3
ICAM4,RHAG
ICAM5,CD209
ICAM5,IGDCC4
ICAM5,ITGAL
ICAM5,ITGB2
ICAM5,MICA
ICAM5,PDCD1LG2
ICAM5,PRTG
ICOSL,CD28
ICOSL,CTLA4
ICOSL,ICOS
ICOSLG,CD28
ICOSLG,CTLA4
ICOSLG,ICOS
ICOSLG,NTM
IDE,INS
IFITM1,CD81
IFNA1,CR2
IFNA1,IFNA2
IFNA1,IFNAR1
IFNA1,IFNAR2
IFNA10,IFNA2
IFNA10,IFNAR1
IFNA10,IFNAR2
IFNA13,IFNAR1
IFNA13,IFNAR2
IFNA14,IFNA2
IFNA14,IFNAR1
IFNA14,IFNAR2
IFNA16,IFNA2
IFNA16,IFNAR1
IFNA16,IFNAR2
IFNA17,IFNA2
IFNA17,IFNAR1
IFNA17,IFNAR2
IFNA2,CR2
IFNA2,IFNA2
IFNA2,IFNAR1
IFNA2,IFNAR2
IFNA21,IFNA2
IFNA21,IFNAR1
IFNA21,IFNAR2
IFNA4,IFNA2
IFNA4,IFNAR1
IFNA4,IFNAR2
IFNA5,IFNA2
IFNA5,IFNAR1
IFNA5,IFNAR2
IFNA6,IFNA2
IFNA6,IFNAR1
IFNA6,IFNAR2
IFNA7,IFNA2
IFNA7,IFNAR1
IFNA7,IFNAR2
IFNA8,GPR152
IFNA8,IFNA2
IFNA8,IFNAR1
IFNA8,IFNAR2
IFNA9,IFNAR1
IFNA9,IFNAR2
IFNAR1,ERBB3
IFNAR2,ERBB3
IFNB1,IFNA2
IFNB1,IFNAR1
IFNB1,IFNAR2
IFNE,ADGRV1
IFNE,IFNA2
IFNE,IFNAR1
IFNE,IFNAR2
IFNG,IFNG
IFNG,IFNGR1
IFNG,IFNGR2
IFNG,MPL
IFNGR1,FCAR
IFNGR2,EPOR
IFNK,IFNA2
IFNK,IFNAR1
IFNK,IFNAR2
IFNL1,IFNLR1
IFNL1,IL10RB
IFNL2,IFNLR1
IFNL2,IL10RB
IFNL3,IFNL3
IFNL3,IFNLR1
IFNL3,IL10RB
IFNL4,IFNLR1
IFNL4,IL10RB
IFNW1,IFNA2
IFNW1,IFNAR1
IFNW1,IFNAR2
IGDCC3,ILDR1
IGDCC4,PLB1
IGF1,IGF1R
IGF1,IGF2R
IGF1,INSR
IGF1,ITGA6
IGF1,ITGAV
IGF1,ITGB3
IGF1,ITGB4
IGF1R,EGFR
IGF1R,GHR
IGF2,GPR152
IGF2,IGF1R
IGF2,IGF2R
IGF2,INSR
IGF2,ITGA6
IGF2,ITGAV
IGF2,ITGB3
IGF2,ITGB4
IGF2,MPRI
IGF2R,DPP4
IGFBP1,IGF1
IGFBP3,IGF1
IGFBP4,FZD8
IGFBP4,IGF2
IGFBP4,LRP6
IGFBP7,MPIG6B
IGFBPL1,DCC
IGFL1,IGFLR1
IGFL1,IGFR1
IGFL2,IGFLR1
IGFL2,IGFR1
IGFL3,IGFLR1
IGFL3,IGFR1
IGHG1_IGLC1,FCGR2B
IGHG1_IGLC1,FCGR3B
IGKV1-16,CNTN2
IGSF1,ACVR1B
IGSF10,CD200R1L
IGSF10,IGSF11
IGSF10,MAG
IGSF10,MILR1
IGSF10,SLAMF9
IGSF11,CLEC2L
IGSF11,EPGN
IGSF11,VSIR
IGSF21,ILDR2
IGSF21,IYD
IGSF21,MUC15
IGSF3,PTGFRN
IHH,BOC
IHH,CDON
IHH,HHIP
IHH,PTCH1
IHH,PTCH2
IHH,SMO
IL10,CD27
IL10,CD70
IL10,IFNLR1
IL10,IL10RA
IL10,IL10RB
IL10,SIRPG
IL10RB,IFNAR1
IL10RB,IFNLR1
IL10RB,IL10RA
IL11,IL11RA
IL11,IL6R
IL11,IL6ST
IL11RA,CD40
IL12A,CD28
IL12A,IL12RB1
IL12A,IL12RB2
IL12A_IL12B,IL12RB1
IL12A_IL12B,IL12RB2
IL12A_IL27,IL12RB2
IL12A_IL27,IL27RA
IL12B,BOC
IL12B,IL12RB1
IL12B,IL12RB2
IL12B,IL23R
IL12B_IL23A,IL12RB1
IL12B_IL23A,IL23R
IL13,I13R2
IL13,IL13
IL13,IL13RA1
IL13,IL13RA2
IL13,IL2RG
IL13,IL4R
IL13,TMEM219
IL15,DLK1
IL15,IL15
IL15,IL15RA
IL15,IL2RA
IL15,IL2RB
IL15,IL2RG
IL15RA,AXL
IL16,CCR5
IL16,CD4
IL16,CD9
IL16,GRIN2A
IL16,GRIN2B
IL16,GRIN2C
IL16,GRIN2D
IL16,KCNA3
IL16,KCND1
IL16,KCND2
IL16,KCNJ10
IL16,KCNJ15
IL16,KCNJ4
IL17A,IL17RA
IL17A,IL17RC
IL17A_IL17F,IL17RA
IL17A_IL17F,IL17RC
IL17AF,IL17RA
IL17AF,IL17RC
IL17B,IL17RA
IL17B,IL17RB
IL17C,IL17RA
IL17C,IL17RE
IL17F,IL17RA
IL17F,IL17RC
IL17RC,IGSF8
IL18,CD48
IL18,IL18
IL18,IL18BP
IL18,IL18R1
IL18,IL18RAP
IL18,IL1RAPL1
IL18,IL1RL2
IL18BP,IL6R
IL18BP,KIR3DL3
IL18BP,LILRA3
IL18BP,MAG
IL18R1,NETO2
IL19,IL20RA
IL19,IL20RB
IL1A,IL1B
IL1A,IL1R1
IL1A,IL1R2
IL1A,IL1RAP
IL1AP,PTPRF
IL1B,ADRB2
IL1B,IL1B
IL1B,IL1R1
IL1B,IL1R2
IL1B,IL1RAP
IL1B,SIGIRR
IL1F10,IL1R1
IL1F10,IL1RAP
IL1F10,IL1RAPL1
IL1F10,IL1RAPL2
IL1F10,IL1RL2
IL1F10,SIGIRR
IL1F5,IL1RAP
IL1F5,IL1RL2
IL1F6,IL1RAP
IL1F6,IL1RL2
IL1F8,IL1RAP
IL1F8,IL1RL2
IL1F9,IL1RAP
IL1F9,IL1RL2
IL1R2,TNFSF13B
IL1RAP,IL1R1
IL1RAPL1,CNTN5
IL1RAPL1,MILR1
IL1RAPL1,PILRB
IL1RAPL1,PTPRD
IL1RAPL1,PTPRF
IL1RAPL1,PTPRS
IL1RAPL1,SIGLEC12
IL1RAPL2,CNTN5
IL1RAPL2,FGFR3
IL1RAPL2,MILR1
IL1RN,IL1B
IL1RN,IL1R1
IL1RN,IL1R2
IL1RN,IL1RAP
IL1RN,IL1RL2
IL1RN,IL2RA
IL1RN,IL2RB
IL1RN,IL2RG
IL2,CD53
IL2,DLK1
IL2,GYPE
IL2,IL2
IL2,IL20RA
IL2,IL20RB
IL2,IL2RA
IL2,IL2RB
IL2,IL2RG
IL2,NGFR
IL20,IL20RA
IL20,IL20RB
IL20,IL22RA1
IL20RA,CD276
IL20RA,CLEC14A
IL20RA,LYPD6
IL20RA,PCDHAC1
IL21,IL21R
IL21,IL2RG
IL21,IL4R
IL22,IL10RA
IL22,IL10RB
IL22,IL20RB
IL22,IL21R
IL22,IL22
IL22,IL22RA1
IL22,IL22RA2
IL23A,GP6
IL23A,IL12RB1
IL23A,IL12RB2
IL23A,IL23R
IL23A,LILRA1
IL23A,LILRB2
IL23A,SIGLEC6
IL23R,IL12RB1
IL23R,JAK2
IL24,IL10RB
IL24,IL20RA
IL24,IL20RB
IL24,IL22RA1
IL24,NOTCH2
IL25,IL17RA
IL25,IL17RB
IL26,IL10RB
IL26,IL20RA
IL26,IL20RB
IL27,IL27RA
IL27,IL6ST
IL2RA,IL9R
IL2RB,NPTN
IL2RG,CADM3
IL3,CSF2RA
IL3,CSF2RB
IL3,IL3RA
IL31,IL31RA
IL31,OSMR
IL32,ITGB3
IL33,IL1RAP
IL33,IL1RL1
IL34,CSF1R
IL34,PTPRZ1
IL36A,IL1RAP
IL36A,IL1RL2
IL36A,IL36RN
IL36B,IL1RAP
IL36B,IL1RL2
IL36B,IL36RN
IL36G,IL1RAP
IL36G,IL1RL2
IL36G,IL36RN
IL36RN,IL1RAP
IL36RN,IL1RL2
IL37,IL18R1
IL37,IL18RAP
IL37,IL1RAPL1
IL37,SIGIRR
IL4,CD53
IL4,DLK1
IL4,IL13
IL4,IL13RA1
IL4,IL13RA2
IL4,IL21R
IL4,IL2RG
IL4,IL4R
IL4R,PCDHGB6
IL4R,SIGLEC8
IL5,CSF2RA
IL5,CSF2RB
IL5,IL5RA
IL6,F3
IL6,FCGR3B
IL6,HRH1
IL6,IL6
IL6,IL6R
IL6,IL6ST
IL6,MUSK
IL6R,BTNL9
IL6R,GP6
IL6R,ILDR1
IL6R,ISLR2
IL6R,LILRA3
IL6R,LILRB1
IL6R,LRTM2
IL6R,MAG
IL6ST,EPOR
IL6ST,ERBB2
IL6ST,ERBB3
IL6ST,VSIG10
IL7,DLK1
IL7,IL2RG
IL7,IL7R
IL7R,TNFRSF11B
IL8,ACKR1
IL8,CXCR1
IL8,CXCR2
IL9,DLK1
IL9,IL2RG
IL9,IL9R
ILDR2,CLEC12B
IMPG2,CADM3
IMPG2,PRLR
INHA,ACVR1
INHA,ACVR1B
INHA,ACVR1C
INHA,ACVR2A
INHA,ACVR2B
INHA,TGFBR3
INHA_INHBA,ACVR2A
INHA_INHBB,ACVR2B
INHABA,ACVR2A
INHABB,ACVR2B
INHB,ACVR1C
INHB,ACVR2B
INHBA,ACVR1
INHBA,ACVR1B
INHBA,ACVR1C
INHBA,ACVR2A
INHBA,ACVR2B
INHBA,BAMBI
INHBA,ENG
INHBA,SMAD3
INHBA,TGFBR3
INHBA_INHBB,ACVR1
INHBA_INHBB,ACVR1B
INHBA_INHBB,ACVR1C
INHBA_INHBB,ACVR2A
INHBA_INHBB,ACVR2B
INHBABB,ACVR1B
INHBABB,ACVR1C
INHBABB,ACVR2A
INHBABB,ACVR2B
INHBB,ACVR1
INHBB,ACVR1B
INHBB,ACVR1C
INHBB,ACVR2A
INHBB,ACVR2B
INHBB,BAMBI
INHBB,CFC1
INHBB,CFC1B
INHBB,SMAD3
INHBC,ACVR1
INHBC,ACVR1B
INHBC,ACVR1C
INHBC,ACVR2A
INHBC,ACVR2B
INHBC,AVR2A
INHBC,AVR2B
INHBE,ACVR1
INHBE,ACVR1B
INHBE,ACVR1C
INHBE,ACVR2A
INHBE,ACVR2B
INHBE,AVR2A
INHBE,AVR2B
INHBE,ENG
INS,IGF1R
INS,INSR
INS,INSSR
INS,LILRB1
INS,LILRB2
INS,LRP2
INSL3,ADCYAP1R1
INSL3,ADRB2
INSL3,ADRB3
INSL3,GPR20
INSL3,GPR84
INSL3,PTH1R
INSL3,RAMP2
INSL3,RAMP3
INSL3,RXFP1
INSL3,RXFP2
INSL3,RXFP3
INSL3,RXFP4
INSL3,TSHR
INSL3,VIPR1
INSL5,ADRA2A
INSL5,GRM7
INSL5,MTNR1A
INSL5,RL3R2
INSL5,RXFP1
INSL5,RXFP2
INSL5,RXFP3
INSL5,RXFP4
INSR,ADRB2
IRAK4,TLR4
IRAK4,TLR6
IRAK4,TLR7
IRS4,MTNR1A
IRS4,MTNR1B
ITGA1,CEACAM6
ITGA2,SDC1
ITGA2B,ENG
ITGA2B,F2R
ITGA2B_ITGB3,ICAM4
ITGA3,CD151
ITGA3,CD63
ITGA4,CD81
ITGA4,CD82
ITGA4,CD9
ITGA4,JAM2
ITGA4_ITGB1,CD14
ITGA4_ITGB1,ICAM4
ITGA4_ITGB1,JAM2
ITGA4_ITGB1,VCAM1
ITGA4_ITGB7,VCAM1
ITGA5,CD9
ITGA5,ENG
ITGA5_ITGB1,L1CAM
ITGA6,CD151
ITGA6,CD36
ITGA6,CD63
ITGA6,CD81
ITGA6,CD82
ITGA6,CD9
ITGA6,ERBB3
ITGA7,CD151
ITGA9_ITGB1,VCAM1
ITGAD_ITGB2,ICAM1
ITGAD_ITGB2,VCAM1
ITGAL,ICAM1
ITGAL_ITGB2,CD226
ITGAL_ITGB2,F11R
ITGAL_ITGB2,ICAM1
ITGAL_ITGB2,ICAM2
ITGAL_ITGB2,ICAM3
ITGAM_ITGB2,ICAM1
ITGAV,THY1
ITGAV_ITGB3,ICAM4
ITGAV_ITGB3,PECAM1
ITGAX_ITGB2,ICAM1
ITGB1,CD151
ITGB1,CD81
ITGB1,CLDN11
ITGB1,EFNA5
ITGB1,ENG
ITGB1,SDC1
ITGB2,CD226
ITGB2,ICAM1
ITGB2,ICAM2
ITGB2,THY1
ITGB3,ADAM12
ITGB3,F2R
ITGB3BP,ITGB3
ITGB3BP,ITGB5
ITGB4,CD151
ITGB4,EGFR
ITGB4,ERBB3
ITIH2,FCER1A
ITM2B,ROR2
IZUMO1,CD9
IZUMO1,IZUMO1R
JAG1,CD46
JAG1,MCP
JAG1,NOTC1
JAG1,NOTC2
JAG1,NOTC3
JAG1,NOTC4
JAG1,NOTCH1
JAG1,NOTCH2
JAG1,NOTCH3
JAG1,NOTCH4
JAG1,VASN
JAG2,NOTC1
JAG2,NOTC2
JAG2,NOTC3
JAG2,NOTC4
JAG2,NOTCH1
JAG2,NOTCH2
JAG2,NOTCH3
JAG2,NOTCH4
JAG2,VASN
JAK1,EGFR
JAK1,IFNAR1
JAK1,IFNAR2
JAK2,EPOR
JAM1,ITGAL
JAM1,ITGB2
JAM2,F11R
JAM2,ITGA3
JAM2,ITGA4
JAM2,ITGAV
JAM2,ITGB1
JAM2,JAM2
JAM2,JAM3
JAM3,F11R
JAM3,ITGAM
JAM3,ITGB1
JAM3,ITGB2
JAM3,JAM2
JAM3,JAM3
JAML,CXADR
KCNA1,CNTN1
KCNA1,CNTNAP1
KCNA1,RTN4
KCNA2,CNTN1
KCNA2,CNTNAP1
KCNA2,RTN4
KCNAB1,ENG
KDR,ADRB2
KDR,CD44
KDR,EFNB2
KDR,ENG
KDR,EPOR
KIAA0319L,ILDR1
KIAA0319L,MPZL3
KIAA0319L,UNC5A
KIR2DL4,MOG
KIR2DL5A,TMEM167A
KIR2DS3,NEGR1
KIR2DS4,GP6
KIR2DS4,LILRB2
KIR2DS4,SIGLEC6
KIR2DS5,IGSF21
KIR3DL1,TREML1
KIR3DL1,VSIG8
KIR3DL2,LILRA1
KIR3DL3,HHLA2
KISS1,KISS1R
KISS1,KISSR
KISS1,MMP24
KIT,EPOR
KIT,IL7R
KITL,KIT
KITLG,EPOR
KITLG,KIT
KITLG,LRRN3
KL,FGFR1
KLK3,EPOR
KLK3,NGFR
KLK3,NTRK1
KLRB1,CLC2D
KMT2E,NCR2
KNG1,ADRA2A
KNG1,BDKRB1
KNG1,BDKRB2
KNG1,BKRB1
KNG1,BKRB2
KNG1,CD93
KNG1,GP1BA
KNG1,GPR135
KNG1,GRM7
KNG1,ITGAM
KNG1,ITGB2
KNG1,MTNR1A
KNG1,PLAUR
KNG1,RL3R2
KNG1,RXFP4
KNG1,SDC2
KREMEN1,LRP6
KREMEN2,LRP6
KRTAP4-12,AQP1
KRTAP4-12,CATSPER1
KRTAP4-12,CLDN2
KRTAP4-12,CNTFR
KRTAP4-12,DLK2
KRTAP4-12,LINGO1
KRTAP4-12,PDGFRB
KRTAP4-12,PLSCR4
L1CAM,CD9
L1CAM,CHL1
L1CAM,CNTN1
L1CAM,EGFR
L1CAM,EPHB2
L1CAM,ERBB2
L1CAM,ERBB3
L1CAM,FGFR1
L1CAM,FGFR2
L1CAM,ITGA4
L1CAM,ITGA5
L1CAM,ITGAV
L1CAM,ITGB1
L1CAM,ITGB3
L1CAM,ITGB7
L1CAM,L1CAM
L1CAM,LVRN
L1CAM,NRP1
L1CAM,PLXNA1
LACRT,SDC1
LAIR1,LIRB4
LAIR2,FGFR4
LAMA1,CD44
LAMA1,DAG1
LAMA1,GPC1
LAMA1,ITGA1
LAMA1,ITGA2
LAMA1,ITGA3
LAMA1,ITGA6
LAMA1,ITGA7
LAMA1,ITGA9
LAMA1,ITGAV
LAMA1,ITGB1
LAMA1,ITGB4
LAMA1,ITGB8
LAMA1,NT5E
LAMA1,RPSA
LAMA1,SDC2
LAMA1,SDC4
LAMA1,SV2A
LAMA1,SV2B
LAMA1,SV2C
LAMA1,TMPRSS6
LAMA2,AGRG6
LAMA2,CD44
LAMA2,DAG1
LAMA2,ITGA1
LAMA2,ITGA2
LAMA2,ITGA3
LAMA2,ITGA6
LAMA2,ITGA7
LAMA2,ITGA9
LAMA2,ITGAV
LAMA2,ITGB1
LAMA2,ITGB4
LAMA2,ITGB8
LAMA2,RPSA
LAMA2,SV2A
LAMA2,SV2B
LAMA2,SV2C
LAMA3,CD44
LAMA3,DAG1
LAMA3,ITGA1
LAMA3,ITGA2
LAMA3,ITGA3
LAMA3,ITGA6
LAMA3,ITGA7
LAMA3,ITGA9
LAMA3,ITGAV
LAMA3,ITGB1
LAMA3,ITGB4
LAMA3,ITGB8
LAMA3,SDC2
LAMA3,SV2A
LAMA3,SV2B
LAMA3,SV2C
LAMA4,CD44
LAMA4,DAG1
LAMA4,ITGA1
LAMA4,ITGA2
LAMA4,ITGA3
LAMA4,ITGA6
LAMA4,ITGA7
LAMA4,ITGA9
LAMA4,ITGAV
LAMA4,ITGB1
LAMA4,ITGB4
LAMA4,ITGB8
LAMA4,SV2A
LAMA4,SV2B
LAMA4,SV2C
LAMA5,BCAM
LAMA5,CD151
LAMA5,CD44
LAMA5,DAG1
LAMA5,ITGA1
LAMA5,ITGA2
LAMA5,ITGA3
LAMA5,ITGA6
LAMA5,ITGA7
LAMA5,ITGA9
LAMA5,ITGAV
LAMA5,ITGB1
LAMA5,ITGB4
LAMA5,ITGB8
LAMA5,SDC1
LAMA5,SV2A
LAMA5,SV2B
LAMA5,SV2C
LAMB1,CD151
LAMB1,CD44
LAMB1,DAG1
LAMB1,ITGA1
LAMB1,ITGA2
LAMB1,ITGA3
LAMB1,ITGA6
LAMB1,ITGA7
LAMB1,ITGA9
LAMB1,ITGAV
LAMB1,ITGB1
LAMB1,ITGB4
LAMB1,ITGB8
LAMB1,SV2A
LAMB1,SV2B
LAMB1,SV2C
LAMB2,CD44
LAMB2,DAG1
LAMB2,ITGA1
LAMB2,ITGA2
LAMB2,ITGA3
LAMB2,ITGA6
LAMB2,ITGA7
LAMB2,ITGA9
LAMB2,ITGAV
LAMB2,ITGB1
LAMB2,ITGB4
LAMB2,ITGB8
LAMB2,RPSA
LAMB2,SV2A
LAMB2,SV2B
LAMB2,SV2C
LAMB3,CD151
LAMB3,CD44
LAMB3,COL17A1
LAMB3,DAG1
LAMB3,ITGA1
LAMB3,ITGA2
LAMB3,ITGA3
LAMB3,ITGA6
LAMB3,ITGA7
LAMB3,ITGA9
LAMB3,ITGAV
LAMB3,ITGB1
LAMB3,ITGB4
LAMB3,ITGB8
LAMB3,SV2A
LAMB3,SV2B
LAMB3,SV2C
LAMC1,CD44
LAMC1,DAG1
LAMC1,ITGA1
LAMC1,ITGA2
LAMC1,ITGA3
LAMC1,ITGA6
LAMC1,ITGA7
LAMC1,ITGA9
LAMC1,ITGAV
LAMC1,ITGB1
LAMC1,ITGB4
LAMC1,ITGB8
LAMC1,SV2A
LAMC1,SV2B
LAMC1,SV2C
LAMC2,CD151
LAMC2,CD44
LAMC2,COL17A1
LAMC2,DAG1
LAMC2,ITGA1
LAMC2,ITGA2
LAMC2,ITGA3
LAMC2,ITGA6
LAMC2,ITGA7
LAMC2,ITGA9
LAMC2,ITGAV
LAMC2,ITGB1
LAMC2,ITGB4
LAMC2,ITGB8
LAMC2,SV2A
LAMC2,SV2B
LAMC2,SV2C
LAMC3,CD44
LAMC3,DAG1
LAMC3,ITGA1
LAMC3,ITGA2
LAMC3,ITGA3
LAMC3,ITGA6
LAMC3,ITGA7
LAMC3,ITGA9
LAMC3,ITGAV
LAMC3,ITGB1
LAMC3,ITGB4
LAMC3,ITGB8
LAMC3,SV2A
LAMC3,SV2B
LAMC3,SV2C
LAYN,LY6G6F
LCK,CD8A
LCK,CD8B
LCK,CD8B1
LCN1,LMBR1L
LCN2,FCGR2A
LCN2,LRP2
LDLR,LILRB5
LDLR,LRP1
LDLR,LRP2
LDLR,LRP3
LDLR,LRP4
LDLR,LRRC4C
LEAP2,GHSR
LEFTY1,ACVR1B
LEFTY1,ACVR2A
LEFTY1,ACVR2B
LEFTY2,ACVR1B
LEFTY2,ACVR2A
LEFTY2,ACVR2B
LEG3,MERTK
LEG9,HAVR2
LEG9,PDIA1
LEP,ISLR2
LEP,LEPR
LEP,LRP2
LEPR,JAK2
LEPR,KIR2DL5A
LEUK,SN
LFA3,CD2
LFNG,NOTCH1
LFNG,NOTCH2
LFTY1,TDGF1
LFTY2,TDGF1
LGALS1,CD69
LGALS1,ITGB1
LGALS1,PTPRC
LGALS3,ANXA2
LGALS3,ENG
LGALS3,LAG3
LGALS3,MCAM
LGALS3,PTPRK
LGALS3BP,CD33
LGALS3BP,ITGB1
LGALS3BP,VANGL1
LGALS8,ITGA3
LGALS9,CD44
LGALS9,CD45
LGALS9,CD47
LGALS9,COLEC12
LGALS9,HAVCR2
LGALS9,LRP1
LGALS9,MET
LGALS9,MRC2
LGALS9,PTPRC
LGALS9,PTPRK
LGALS9,SLC1A5
LGI1,ADAM11
LGI1,ADAM22
LGI1,ADAM23
LGI1,RTN4R
LGI2,ADAM11
LGI2,ADAM22
LGI2,ADAM23
LGI3,ADAM22
LGI3,ADAM23
LGI3,FLOT1
LGI3,STX1A
LGI4,ADAM11
LGI4,ADAM22
LGI4,ADAM23
LHB,ADCYAP1R1
LHB,ADRB2
LHB,ADRB3
LHB,GPR20
LHB,GPR84
LHB,LHCGR
LHB,PTH1R
LHB,RAMP2
LHB,RAMP3
LHB,TSHR
LHB,VIPR1
LIF,IL6ST
LIF,LIFR
LIFR,NEGR1
LILRA1,CD300E
LILRA1,IFNGR1
LILRA1,NETO2
LILRA3,IGSF9B
LILRA3,NETO2
LILRA3,PILRB
LILRA3,TNFRSF10B
LILRA5,IZUMO1
LILRA6,CD300E
LILRA6,LCTL
LILRA6,LY6G6F
LILRB1,CEACAM21
LILRB1,EDAR
LILRB1,ILDR1
LILRB1,LILRA5
LILRB2,CD33
LILRB2,FCAR
LILRB2,IFNGR1
LILRB2,LILRA3
LILRB2,SIGLEC10
LILRB2,SIGLEC14
LILRB2,SIGLEC15
LILRB2,SIGLEC9
LILRB3,LY6G6F
LILRB4,LAIR1
LIN7B,AQP1
LIN7C,ABCA1
LIN7C,HTR2C
LIN7C,KCNJ4
LINGO4,NFASC
LIPC,LRP1
LIPH,LPAR1
LIPH,LPAR2
LIPH,LPAR4
LMAN1,MCFD2
LNX1,CASR
LNX1,IGSF5
LOC101059948,LHCGR
LPA,ITGAM
LPA,ITGB2
LPA,LPAR1
LPA,LPAR2
LPA,LPAR3
LPA,LPAR4
LPA,LRP2
LPA,TREM2
LPAR1,CD97
LPAR2,CD97
LPAR3,CD97
LPL,CD44
LPL,GPIHBP1
LPL,LRP1
LPL,LRP2
LPL,SDC1
LPL,VCAN
LPL,VLDLR
LRC4B,PTPRD
LRC4B,PTPRF
LRC4B,PTPRS
LRC4C,PTPRF
LRFN3,FCRL1
LRFN4,PTPRD
LRFN4,PTPRF
LRFN4,PTPRS
LRFN5,PTPRD
LRFN5,PTPRF
LRFN5,PTPRS
LRIG1,EGFR
LRIG1,MET
LRIG2,EGFR
LRIT1,FCRL1
LRIT1,SIGLEC6
LRIT2,SIGLEC10
LRP1B,PLAUR
LRPAP1,CD320
LRPAP1,LDLR
LRPAP1,LRP1
LRPAP1,LRP2
LRPAP1,LRP8
LRPAP1,LSR
LRPAP1,SIRPA
LRPAP1,SORL1
LRPAP1,SORT1
LRPAP1,VLDLR
LRRC4,NETO2
LRRC4,NTNG2
LRRC4,PARD3
LRRC4,PARD6A
LRRC4,PRKCZ
LRRC4,PRSS55
LRRC4B,PTPRD
LRRC4B,PTPRF
LRRC4B,PTPRS
LRRC4B,UNC5D
LRRC4C,LRRTM4
LRRC4C,NTNG1
LRRC4C,TMEM53
LRRC4C,UNC5A
LRRN1,LRRC4
LRRN1,LRRC4C
LRRN1,UNC5A
LRRN2,TMEM123
LRRT1,NRX1A
LRRT1,NRX2B
LRRT1,NRX3B
LRRT2,NRX1A
LRRT2,NRX2B
LRRT2,NRX3B
LRRT3,NRX1A
LRRT3,NRX2B
LRRT3,NRX3B
LRRT4,NRX1A
LRRT4,NRX2B
LRRT4,NRX3B
LRRT4,PTPRS
LRRTM2,FGFR4
LRRTM2,IGDCC4
LRRTM2,MICA
LRRTM2,OSCAR
LRRTM2,PRTG
LRRTM2,SEMA4G
LRRTM2,TREML2
LRRTM2,UNC5A
LSAMP,NEGR1
LSAMP,OPCML
LSHB,LSHR
LTA,CACHD1
LTA,EDNRA
LTA,LTB
LTA,LTBR
LTA,RIPK1
LTA,TNFRSF14
LTA,TNFRSF1A
LTA,TNFRSF1B
LTA_LTB,LTBR
LTB,CD40
LTB,LTBR
LTB,TNFRSF1A
LTBP1,ITGB5
LTBP1,TGFB1
LTBP3,ITGB5
LTF,AGER
LTF,BOC
LTF,BTN3A2
LTF,BTN3A3
LTF,GP9
LTF,GPR162
LTF,IGDCC4
LTF,IL1RL1
LTF,LRP1
LTF,LRP11
LTF,MICA
LTF,TFRC
LTF,TNFRSF11B
LTF,TREML2
LUM,ITGB1
LVRN,VSIG8
LY6G5C,PGAP6
LY6G6F,LILRA5
LY86,CD180
LY9,LY9
LYAM2,GSLG1
LYN,EPOR
LYPD3,AGR2
LYZ,ITGAL
MADCAM1,CD44
MADCAM1,ITGA4
MADCAM1,ITGB7
MADCAM1,SIGLEC7
MAG,MAG
MAGI1,ESAM
MANSC1,GPR55
MAPK1,FGFR2
MATN1,ACAN
MATN1,COL2A1
MATN1,ITGA1
MATN1,ITGB1
MATN1,PTPRD
MBL2,C1QB
MBL2,CALCR
MBL2,CALR
MBL2,CD93
MBL2,LRP1
MCAM,CD226
MCAM,CNTN1
MCAM,TMEM132A
MCH,MCHR1
MCH,MCHR2
MDK,ALK
MDK,GPC2
MDK,ITGA4
MDK,ITGA6
MDK,ITGB1
MDK,ITGB2
MDK,LRP1
MDK,LRP2
MDK,NCL
MDK,NOTCH2
MDK,PTPRB
MDK,PTPRZ1
MDK,SDC1
MDK,SDC2
MDK,SDC3
MDK,SDC4
MDK,SORL1
MDK,TSPAN1
MEGF10,ABCA1
MELTF,PLG
MELTF,TFRC
MEPE,PHEX
MERTK,IGSF5
MET,CD151
MET,CD44
MET,CD82
MET,CDH1
MET,EGFR
MET,ERBB2
MET,ERBB3
MET,FAS
MET,ICAM1
MET,IGF1R
MET,ITGA2
MET,ITGA3
MET,ITGA5
MET,ITGA6
MET,ITGAX
MET,ITGB1
MET,ITGB4
MET,MST1R
MET,MUC1
MET,MUC20
MET,NRP1
MET,PLXNB1
MET,PLXNB3
MET,RET
MET,TNFRSF10B
MET_PLXNB1,SEMA4D
MET_PLXNB3,SEMA5A
MFAP2,NOTCH1
MFAP3L,CEACAM1
MFAP3L,MPZL2
MFAP5,NOTCH1
MFGE8,ITGAV
MFGE8,ITGB3
MFGE8,ITGB5
MFGE8,PDGFRB
MFNG,NOTCH1
MFNG,NOTCH2
MIA,CDH19
MIA,CDH7
MIA,ITGA4
MIA,ITGA5
MIA,ITGB1
MICA,HCST
MICA,KLRK1
MICB,HCST
MICB,KLRK1
MIF,ACKR3
MIF,CD44
MIF,CD74
MIF,CXCR2
MIF,CXCR4
MIF,EGFR
MIF,TNFRSF10D
MIF,TNFRSF14
MK,ALK
MK,PTPRZ
MLN,MLNR
MMP1,CD44
MMP1,HBEGF
MMP1,ITGA2
MMP12,PLAUR
MMP13,LRP1
MMP14,CD44
MMP14,DDR1
MMP15,DDR1
MMP16,DDR1
MMP2,CCR2
MMP2,DDR1
MMP2,F2R
MMP2,FGFR1
MMP2,ITGAV
MMP2,ITGB3
MMP2,PECAM1
MMP2,SDC2
MMP7,CD151
MMP7,CD44
MMP7,CDH6
MMP7,ERBB4
MMP7,SDC1
MMP9,CD44
MMP9,DDR1
MMP9,EPHB2
MMP9,IFNAR1
MMP9,ITGAM
MMP9,ITGB2
MMP9,LRP1
MMP9,RECK
MMP9,TLR9
MMRN2,CD248
MMRN2,CD93
MMRN2,CLEC14A
MOG,APCDD1
MOG,IL20RA
MOG,LILRA1
MOG,LILRA2
MOG,LILRA6
MOG,LILRB2
MOG,LILRB3
MOG,LILRB5
MOG,LRIG1
MOG,LRRC4C
MOG,LRRTM2
MOG,LRRTM3
MOG,SIGLEC6
MOG,TIE1
MOG,VSTM4
MOTI,MTLR
MPDZ,CLDN1
MPDZ,CLDN4
MPDZ,CLDN5
MPDZ,CLDN8
MPDZ,F11R
MPIG6B,AGER
MPIG6B,BOC
MPIG6B,IL1RL1
MPIG6B,OSCAR
MPIG6B,ROBO1
MPIG6B,TNFRSF21
MPIG6B,UNC5A
MPIG6B,UNC5D
MPZ,IL6R
MPZ,ISLR2
MPZ,KIR2DL5A
MPZ,LILRA5
MPZ,LILRA6
MPZ,LILRB3
MPZ,LILRB5
MPZ,MPZ
MPZ,MPZL1
MPZ,SIGLEC6
MPZL1,MPZL1
MPZL3,MPZL2
MRC1,PTPRC
MS4A1,CD53
MS4A1,CD82
MSMB,GPR55
MSMP,CCR2
MST1,MST1R
MSTN,ACVR1B
MSTN,ACVR2A
MSTN,ACVR2B
MSTN,TGFBR1
MTMR4,SMAD3
MT-RNR2,ADRA2A
MT-RNR2,CNTFR
MT-RNR2,FPR2
MT-RNR2,FPR3
MT-RNR2,GRM7
MT-RNR2,IL27RA
MT-RNR2,MTNR1A
MUC2,AGR2
MUC7,SELL
MUSK,DLL1
MUSK,PTPRO
MXRA5,AGER
MXRA5,AXL
MXRA5,CD200
MXRA5,CD69
MXRA5,ILDR1
MXRA5,MAG
MXRA5,MFAP3L
MXRA5,MPIG6B
MXRA5,PILRA
MXRA5,PILRB
MXRA5,SCN2B
MXRA5,SIGLEC1
MXRA5,SIGLEC7
MXRA5,SIGLEC8
MXRA8,JAM3
MYL9,CD69
MYO1D,EGFR
MYOC,FZD1
MYOC,FZD10
MYOC,FZD3
MYOC,FZD4
MYOC,FZD7
NAALADL1,CD96
NAMPT,ADORA2A
NAMPT,IL13RA2
NAMPT,INSR
NAMPT,ITGA5
NAMPT,ITGB1
NAMPT,NTRK1
NAMPT,P2RY6
NCAM1,AGRIN
NCAM1,CACNA1C
NCAM1,CLEC14A
NCAM1,CLEC2L
NCAM1,CNTN1
NCAM1,FGFR1
NCAM1,FGFR2
NCAM1,GFRA1
NCAM1,ISLR2
NCAM1,L1CAM
NCAM1,NCAM1
NCAM1,NCAM2
NCAM1,PTPRA
NCAM1,PTPRS
NCAM1,PTPRZ1
NCAM1,ROBO1
NCAM1,ROBO3
NCAM2,L1CAM
NCAN,CDH2
NCAN,SDC3
NCHL1,L1CAM
NCHL1,NCHL1
NCOR1,DLK1
NCR1,SIGLEC7
NCR1,SIGLEC8
NCR3,CD276
NCR3,CNTFR
NCR3LG1,NCR3
NCSTN,LRP1
NCSTN,LRP8
NDP,FZD4
NDP,LGR4
NECTIN1,CADM3
NECTIN1,CD96
NECTIN1,FGFR1
NECTIN1,NECTIN3
NECTIN1,NECTIN4
NECTIN2,CD226
NECTIN2,CD96
NECTIN2,NECTIN4
NECTIN2,PVR
NECTIN2,PVRIG
NECTIN2,TIGIT
NECTIN3,NECTIN1
NECTIN3,NECTIN2
NECTIN3,PVR
NECTIN3,TIGIT
NECTIN4,TIGIT
NEGR1,IGSF9B
NEGR1,NEGR1
NELL2,ROBO3
NEO1,HJV
NEO1,RGMA
NEO1,RGMB
NET1,DCC
NET1,DSCAM
NET1,UNC5A
NET1,UNC5B
NET1,UNC5C
NET4,NTRK2
NET4,UNC5B
NET4,UNC5D
NETO2,FCRL1
NEU1,OXYR
NEU1,V1AR
NEU1,V1BR
NEU1,V2R
NEU2,OXYR
NEU2,V1AR
NEU2,V1BR
NEU2,V2R
NEUT,NTR1
NEUT,NTR2
NEUT,SORT
NFASC,CNTN1
NFASC,CNTNAP1
NFASC,NRCAM
NGAL,S22AH
NGF,BEX3
NGF,ERBB2
NGF,KIDINS220
NGF,MAGED1
NGF,NGFR
NGF,NGFRAP1
NGF,NTRK1
NGF,SORCS2
NGF,SORCS3
NGF,SORT
NGF,SORT1
NGF,TNR16
NGF,TRPV1
NGFR,LRRTM3
NGFR,NTRK1
NGFR,NTRK2
NID1,COL13A1
NID1,ITGA3
NID1,ITGAV
NID1,ITGB1
NID1,ITGB3
NID1,PTPRF
NID2,COL13A1
NLGN1,NRX1A
NLGN1,NRX1B
NLGN1,NRX2A
NLGN1,NRX2B
NLGN1,NRX3A
NLGN1,NRX3B
NLGN1,NRXN1
NLGN1,NRXN2
NLGN1,NRXN3
NLGN2,MDGA1
NLGN2,NRX1A
NLGN2,NRX1B
NLGN2,NRX2A
NLGN2,NRX2B
NLGN2,NRX3A
NLGN2,NRX3B
NLGN2,NRXN1
NLGN2,NRXN2
NLGN2,NRXN3
NLGN3,MDGA1
NLGN3,NRX1A
NLGN3,NRX1B
NLGN3,NRX2A
NLGN3,NRX2B
NLGN3,NRX3A
NLGN3,NRX3B
NLGN3,NRXN1
NLGN3,NRXN2
NLGN3,NRXN3
NLGN3,PTPRD
NLGN4X,MDGA1
NLGN4X,NRX1A
NLGN4X,NRX1B
NLGNX,NRX1A
NLGNX,NRX2B
NLGNX,NRX3B
NLGNY,NRX1A
NLGNY,NRX2B
NLGNY,NRX3B
NMB,BRS3
NMB,GRPR
NMB,NMBR
NMS,ADRA2A
NMS,GRM7
NMS,MTNR1A
NMS,NMUR1
NMS,NMUR2
NMU,ADRA2A
NMU,GRM7
NMU,MTNR1A
NMU,NMUR1
NMU,NMUR2
NODAL,ACVR1B
NODAL,ACVR1C
NODAL,ACVR2A
NODAL,ACVR2B
NODAL,CFC1
NODAL,SMAD3
NODAL,TDGF1
NOG,BMP2
NOG,BMP4
NOG,BMP5
NOG,BMP7
NOG,GDF5
NOTCH4,UNC5B
NPB,ADRA2A
NPB,GRM7
NPB,MTNR1A
NPB,NPBW1
NPB,NPBW2
NPB,NPBWR1
NPB,NPBWR2
NPFF,NPFF1
NPFF,NPFF2
NPFF,NPFFR1
NPFF,NPFFR2
NPNT,ITGA8
NPNT,ITGB1
NPNT1,ITGA8
NPNT1,ITGB1
NPNT2,ITGA8
NPNT2,ITGB1
NPPA,NPR1
NPPA,NPR2
NPPA,NPR3
NPPB,DPP4
NPPB,FAP
NPPB,NPR1
NPPB,NPR2
NPPB,NPR3
NPPC,NPR1
NPPC,NPR2
NPPC,NPR3
NPS,ADCYAP1R1
NPS,ADRB2
NPS,ADRB3
NPS,GPR20
NPS,GPR84
NPS,NPSR1
NPS,PTH1R
NPS,RAMP2
NPS,RAMP3
NPS,TSHR
NPS,VIPR1
NPTN,EPOR
NPTN,NCAM1
NPTX1,NPTXR
NPTX2,NPTXR
NPVF,NPFFR1
NPVF,NPFFR2
NPW,ADRA2A
NPW,GRM7
NPW,MTNR1A
NPW,NPBW1
NPW,NPBW2
NPW,NPBWR1
NPW,NPBWR2
NPY,ADRA2A
NPY,ADRB1
NPY,ADRB2
NPY,DPP4
NPY,FAP
NPY,GPR83
NPY,GRM7
NPY,MC4R
NPY,MTNR1A
NPY,NPFFR2
NPY,NPY1R
NPY,NPY2R
NPY,NPY4R
NPY,NPY5R
NPY,NPY6R
NPY,PRLHR
NR0B2,FGFRL1
NR3L1,NCTR3
NRCAM,LCTL
NRG1,ADGRL1
NRG1,EGFR
NRG1,ERBB2
NRG1,ERBB3
NRG1,ERBB4
NRG1,FCAMR
NRG1,GPC1
NRG1,HLA-DPB1
NRG1,ITGAV
NRG1,ITGB3
NRG1,LGR4
NRG1,LSR
NRG1,MS4A4A
NRG1,NETO2
NRG1,SIGLEC7
NRG2,ERBB2
NRG2,ERBB3
NRG2,ERBB4
NRG2,LRRTM2
NRG2,MOG
NRG2,MPIG6B
NRG2,NRP2
NRG3,ERBB2
NRG3,ERBB3
NRG3,ERBB4
NRG4,EGFR
NRG4,ERBB2
NRG4,ERBB4
NRP1,KDR
NRP1,PDGFRA
NRP1,PDGFRB
NRP2,FCRL6
NRP2,IL20RA
NRP2,NFASC
NRP2,SIGLEC7
NRTN,GFRA1
NRTN,GFRA2
NRTN,GFRA3
NRTN,RET
NRX1A,AGRL1
NRX1A,DAG1
NRX1A,NLGN1
NRX1A,NLGN2
NRX1A,NLGN3
NRX1A,RPH3A
NRX1A,VSTM2B
NRX1B,NLGN1
NRX1B,NLGN2
NRX1B,NLGN3
NRX1B,RPH3A
NRX1B,VSTM2B
NRX2A,FGFR4
NRX2A,FGFRL1
NRX2A,IGSF21
NRX2A,NLGN1
NRX2A,NLGN2
NRX2A,NLGN3
NRX2A,SIGLEC8
NRX2A,VSTM2B
NRX2B,AGRL1
NRX2B,DAG1
NRX2B,FGFR4
NRX2B,FGFRL1
NRX2B,IGSF21
NRX2B,NLGN1
NRX2B,NLGN2
NRX2B,NLGN3
NRX2B,SIGLEC8
NRX2B,VSTM2B
NRX3A,FGFR4
NRX3A,FGFRL1
NRX3A,NLGN1
NRX3A,NLGN2
NRX3A,NLGN3
NRX3B,AGRL1
NRX3B,FGFR4
NRX3B,FGFRL1
NRX3B,NLGN1
NRX3B,NLGN2
NRX3B,NLGN3
NRXN1,NLGN1
NRXN1,NLGN2
NRXN1,NLGN3
NRXN2,NLGN1
NRXN2,NLGN2
NRXN2,NLGN3
NRXN3,NLGN1
NRXN3,NLGN2
NRXN3,NLGN3
NSMF,GNRHR
NT5E,FCRL1
NTF3,NGFR
NTF3,NTRK1
NTF3,NTRK2
NTF3,NTRK3
NTF3,TNR16
NTF4,BEX3
NTF4,NGFR
NTF4,NTRK1
NTF4,NTRK2
NTF4,NTRK3
NTF4,TNR16
NTF5,NTRK2
NTM,AMIGO2
NTM,LRRC4C
NTM,LRRN3
NTM,NEGR1
NTM,THSD7A
NTM,VSIG8
NTN1,ADORA2B
NTN1,DCC
NTN1,DSCAM
NTN1,MCAM
NTN1,NEO1
NTN1,UNC5A
NTN1,UNC5B
NTN1,UNC5C
NTN1,UNC5D
NTN3,CDON
NTN3,NEO1
NTN4,DCC
NTN4,UNC5A
NTNG1,LRRC4C
NTNG1,SIGLEC8
NTNG2,LRRC4
NTNG2,LRRC4C
NTRK1,TIE1
NTRK3,CRTAM
NTRK3,PTPRD
NTRK3,PTPRF
NTRK3,SIGLEC7
NTRK3,SIGLEC8
NTS,NGFR
NTS,NTSR1
NTS,NTSR2
NTS,SORT1
NUCB2,ERAP1
NXPH1,NRX1A
NXPH1,NRX1B
NXPH1,NRX2A
NXPH1,NRX2B
NXPH1,NRX3A
NXPH1,NRX3B
NXPH1,NRXN1
NXPH1,NRXN2
NXPH1,NRXN3
NXPH2,NRX1A
NXPH2,NRX1B
NXPH2,NRXN1
NXPH3,NRX1A
NXPH3,NRX1B
NXPH3,NRX2A
NXPH3,NRX2B
NXPH3,NRX3A
NXPH3,NRX3B
NXPH3,NRXN1
NXPH3,NRXN2
NXPH3,NRXN3
OBP2A,OR1G1
OCLN,CLDN2
OCLN,OCLN
OCLN,TGFBR1
OCLN,TGFBR2
OCLN,TJP1
OGN,HLA-DRB1
OLAH,MOG
OLFM2,ROBO2
OMG,LINGO1
OMG,NGFR
OMG,RTN4R
OMG,RTN4RL1
OMG,TNFRSF1B
OPCML,NEGR1
OPCML,NTM
OPRL1,CERS6
OPRM1,GJA4
OPRM1,VAPA
OPRM1,WLS
OREX,OX1R
OREX,OX2R
ORM1,CCR5
OSM,IL6ST
OSM,LIFR
OSM,OSMR
OSMR,EGFR
OSTN,NPR3
OX26,QRFPR
OX2G,MO2R1
OXT,AVPR1A
OXT,AVPR1B
OXT,AVPR2
OXT,OXTR
P4HB,GPR162
P4HB,MTTP
PA2G4,ERBB3
PACA,PACR
PACA,VIPR1
PACA,VIPR2
PAHO,NPY1R
PAHO,NPY2R
PAHO,NPY4R
PAHO,NPY5R
PAM,DPP4
PAM,FAP
PAPLN,CD200
PAPLN,NECTIN4
PAPLN,SIRPA
PARD3,F11R
PARD3,F2R
PARD3,JAM2
PARD3,JAM3
PATJ,CLDN1
PCDHAC1,MICA
PCDHB3,IGSF11
PCDHGB6,PLXDC1
PCNA,NCR2
PCSK1N,GPR171
PCSK9,APLP2
PCSK9,CD36
PCSK9,CD81
PCSK9,LDLR
PCSK9,LRP1
PCSK9,LRP8
PCSK9,SORT1
PCSK9,VLDLR
PD1L1,CD80
PD1L1,PDCD1
PD1L2,PDCD1
PDAP1,PDGFRB
PDCD1,CEACAM1
PDCD1LG2,PDCD1
PDCD1LG2,PDCD2
PDCD1LG2,RGMB
PDGFA,PDGFRA
PDGFA,PDGFRB
PDGFA,PGFRA
PDGFB,ADGRV1
PDGFB,ART1
PDGFB,ITGAV
PDGFB,LRP1
PDGFB,PDGFRA
PDGFB,PDGFRB
PDGFB,PGFRA
PDGFB,PGFRB
PDGFB,S1PR1
PDGFC,FLT1
PDGFC,FLT4
PDGFC,KDR
PDGFC,PDGFRA
PDGFC,PDGFRB
PDGFC,PGFRA
PDGFD,PDGFRA
PDGFD,PDGFRB
PDGFD,PGFRB
PDGFRA,EPHA4
PDGFRA,FGFR1
PDGFRB,SIGLEC10
PDGFRB,SIGLEC9
PDPN,CLEC1B
PDX1,SLC2A2
PDXL2,LYAM1
PDXL2,LYAM2
PDXL2,LYAM3
PDYN,ADRA2A
PDYN,GRM7
PDYN,MTNR1A
PDYN,OPRD
PDYN,OPRD1
PDYN,OPRK
PDYN,OPRK1
PDYN,OPRL1
PDYN,OPRM
PDYN,OPRM1
PECA1,CD38
PECAM1,CD38
PECAM1,ITGAV
PECAM1,ITGB3
PECAM1,PECAM1
PENK,ADRA2A
PENK,GHSR
PENK,GRM7
PENK,MRGPRX1
PENK,MRGPRX4
PENK,MTNR1A
PENK,OGFR
PENK,OPRD
PENK,OPRD1
PENK,OPRK
PENK,OPRK1
PENK,OPRL1
PENK,OPRM
PENK,OPRM1
PEPD,ERBB2
PF4,ACKR1
PF4,ADRA2A
PF4,CXCR3
PF4,FGFR2
PF4,GRM7
PF4,LDLR
PF4,LRP1
PF4,MTNR1A
PF4,PROCR
PF4,SDC2
PF4,THBD
PF4V1,CXCR3
PGF,FLT1
PGF,KDR
PGF,NRP1
PGF,NRP2
PGF,VEGFR1
PGLYRP1,TREM1
PI16,MFAP3L
PI16,TNFRSF21
PI16,TNR21
PI3,PLD2
PIGA,PIGR
PIGF,FLT1
PIGR,FCAR
PIGR,ISLR2
PIGR,SIGLEC10
PIGR,TNFRSF10B
PIK3CA,IFNAR1
PIK3CA,IFNAR2
PIK3CD-AS1,LY6G6C
PIK3CD-AS1,SLC16A4
PIK3R1,CBL
PIK3R1,EPN1
PIK3R1,EPOR
PIK3R1,ERBB2
PILRA,BTN3A2
PILRA,GP6
PILRA,LILRA1
PILRA,LILRA3
PILRA,LILRB2
PILRA,LILRB5
PILRA,SIGLEC6
PILRB,EPHA10
PILRB,ILDR1
PIP,AQP5
PIP,CD4
PIP,NPTN
PKM,CD44
PLA2G10,PLA2R1
PLA2G2A,EGFR
PLA2G2A,ERBB3
PLA2G2A,ITGA4
PLA2G2A,ITGA5
PLA2G2A,ITGAV
PLA2G2A,ITGB1
PLA2G2A,ITGB3
PLAT,ITGAM
PLAT,ITGB2
PLAT,LRP1
PLAU,IGF2R
PLAU,ITGA3
PLAU,ITGA5
PLAU,ITGAM
PLAU,ITGAV
PLAU,ITGB1
PLAU,ITGB2
PLAU,ITGB5
PLAU,LRP1
PLAU,LRP2
PLAU,MRC2
PLAU,PLAUR
PLAU,ST14
PLAU,VLDLR
PLAUR,ITGA4
PLAUR,ITGAV
PLAUR,ITGB1
PLAUR,ITGB3
PLF4,CXCR3
PLG,F2R
PLG,F2RL1
PLG,F2RL2
PLG,F2RL3
PLG,F3
PLG,FLT1
PLG,FN1
PLG,IGF2R
PLG,ITGA9
PLG,ITGAD
PLG,ITGAM
PLG,ITGB1
PLG,ITGB2
PLG,LRP2
PLG,PARD3
PLG,PLAUR
PLG,PLGRKT
PLGF,NRP1
PLGF,NRP2
PLGF,VGFR1
PLGRKT,PLAUR
PLTP,ABCA1
PLXNA1,NOTCH1
PLXNA1,TREM2
PLXNA1,TYROBP
PLXNB1,ERBB2
PLXNB1,PLXNB2
PLXNB1,SEMA4B
PLXNB1,SEMA4G
PLXNB3,SEMA4G
PMCH,ADRA2A
PMCH,GRM7
PMCH,MCHR1
PMCH,MCHR2
PMCH,MERTK
PMCH,MTNR1A
PNOC,ADRA2A
PNOC,GRM7
PNOC,MTNR1A
PNOC,OPRL1
PNOC,OPRX
PODXL,LYAM1
PODXL,SELL
PODXL2,SELL
POMC,ADCYAP1R1
POMC,ADRA2A
POMC,ADRB2
POMC,ADRB3
POMC,GPR20
POMC,GPR84
POMC,GRM7
POMC,MC1R
POMC,MC2R
POMC,MC3R
POMC,MC4R
POMC,MC5R
POMC,MRAP
POMC,MTNR1A
POMC,OPRD1
POMC,OPRK1
POMC,OPRL1
POMC,OPRM1
POMC,PTH1R
POMC,RAMP2
POMC,RAMP3
POMC,TSHR
POMC,VIPR1
PON2,HTR2A
PORCN,WNT1
PORCN,WNT3A
PORCN,WNT4
PORCN,WNT6
PORCN,WNT7B
POSTN,ITGAV
POSTN,ITGB3
POSTN,ITGB5
POSTN,PTK7
PPBP,ACKR1
PPBP,ADRA2A
PPBP,CXCR1
PPBP,CXCR2
PPBP,GRM7
PPBP,MTNR1A
PPIA,BASI
PPP2R2B,TGFBR2
PPY,ADRA2A
PPY,GPR83
PPY,GRM7
PPY,MTNR1A
PPY,NPY1R
PPY,NPY2R
PPY,NPY4R
PPY,NPY5R
PPY,NPY6R
PRG4,CD44
PRG4,TLR2
PRG4,TLR4
PRL,ERBB2
PRL,HLA-DQB2
PRL,PRLR
PRLH,PRLHR
PRLR,CADM3
PRLR,EMC1
PRLR,NCR2
PRND,RPSA
PRNP,TNFRSF25
PROC,ITGAM
PROC,ITGB2
PROC,PROCR
PROC,TEK
PROC,THBD
PROCR,F2R
PROCR,SIGLEC10
PROK1,PKR1
PROK1,PKR2
PROK1,PROKR1
PROK1,PROKR2
PROK2,PKR1
PROK2,PKR2
PROK2,PROKR1
PROK2,PROKR2
PROS1,AXL
PROS1,MERTK
PROS1,TYRO3
PRRG4,CADM4
PRRP,PRLHR
PRSS1,F2R
PRSS1,F2RL1
PRSS1,F2RL2
PRSS1,F2RL3
PRSS1,PARD3
PRSS2,F2R
PRSS2,F2RL1
PRSS2,F2RL2
PRSS2,F2RL3
PRSS2,PARD3
PRSS23,TMEM222
PRSS3,F2R
PRSS3,F2RL1
PRSS3,F2RL2
PRSS3,F2RL3
PRSS3,PARD3
PRTG,ISLR2
PRTG,MICA
PSAP,AR
PSAP,CD1B
PSAP,CELSR1
PSAP,GPR37
PSAP,GPR37L1
PSAP,LRP1
PSAP,SORT1
PSEN1,CD44
PSEN1,NCSTN
PSEN1,NOTCH1
PSEN1,NOTCH2
PSEN1,NOTCH3
PSEN1,NOTCH4
PSG4,DSCAM
PSG4,TNFSF8
PSG5,PDGFRA
PSG5,TNFRSF12A
PSG6,DSCAM
PSG7,CLEC4A
PSG7,DCC
PSG7,DSCAM
PSG7,FGFR4
PSG9,AXL
PSG9,DCC
PSG9,DSCAM
PSG9,FGFR4
PSPN,GFRA1
PSPN,GFRA2
PSPN,GFRA3
PSPN,GFRA4
PSPN,RET
PSPN,SDC3
PTAFR,MBP
PTAFR,PRNP
PTCH1,GPC5
PTDSS1,JMJD6
PTDSS1,SCARB1
PTGFRN,SGCG
PTGFRN,TMEM59L
PTGIR,EGFR
PTGS2,ALOX5
PTGS2,CAV1
PTGS2,PTGDR2
PTGS2,PTGFR
PTH,ADCYAP1R1
PTH,ADRB2
PTH,ADRB3
PTH,GPR20
PTH,GPR84
PTH,LRP6
PTH,PTH1R
PTH,PTH2R
PTH,RAMP2
PTH,RAMP3
PTH,TSHR
PTH,VIPR1
PTH2,ADCYAP1R1
PTH2,ADRB2
PTH2,ADRB3
PTH2,GPR20
PTH2,GPR84
PTH2,PTH1R
PTH2,PTH2R
PTH2,RAMP2
PTH2,RAMP3
PTH2,TSHR
PTH2,VIPR1
PTHLH,ADCYAP1R1
PTHLH,ADRB2
PTHLH,ADRB3
PTHLH,GPR20
PTHLH,GPR84
PTHLH,PRLHR
PTHLH,PTH1R
PTHLH,PTH2R
PTHLH,RAMP2
PTHLH,RAMP3
PTHLH,TSHR
PTHLH,VIPR1
PTHR,PRLHR
PTHR,PTH1R
PTHR,PTH2R
PTHY,PTH1R
PTHY,PTH2R
PTK2,EPHA2
PTK7,FGFR1
PTMA,VIPR1
PTN,ALK
PTN,CDH10
PTN,ITGAV
PTN,ITGB3
PTN,NCL
PTN,PLXNB2
PTN,PTPRB
PTN,PTPRS
PTN,PTPRZ
PTN,PTPRZ1
PTN,SDC1
PTN,SDC2
PTN,SDC3
PTN,SDC4
PTPN11,FCRL4
PTPN6,CD300LF
PTPN6,CLEC12A
PTPN6,EGFR
PTPN6,FCRL4
PTPRC,CD22
PTPRC,DPP4
PTPRC,MRC1
PTPRD,FAM187B
PTPRD,IL1AP
PTPRD,IL1RAP
PTPRD,IL1RAPL2
PTPRD,IRPL1
PTPRD,LRFN1
PTPRD,LRFN4
PTPRD,LRIT2
PTPRD,SIRPG
PTPRD,SLITRK4
PTPRD,SLITRK6
PTPRF,IL1RAP
PTPRF,INSR
PTPRF,LRFN1
PTPRF,LRFN4
PTPRF,SIRPB1
PTPRG,IL1RAPL1
PTPRM,PTPRM
PTPRM,SIGLEC10
PTPRO,CD300C
PTPRO,ERBB2
PTPRO,SIGLEC7
PTPRO,SIGLEC8
PTPRS,IL1RAP
PTPRS,IL1RAPL2
PTPRS,LRFN1
PTPRS,LRFN4
PTPRS,NTRK3
PTPRS,SLITRK4
PTPRZ1,L1CAM
PVR,CD226
PVR,KI2LA
PVR,KIR2DL5A
PVR,NECTIN4
PVR,PVRIG
PVR,TACT
PVR,TIGIT
PVRL1,CADM3
PVRL1,PVRL1
PVRL1,PVRL3
PVRL1,PVRL4
PVRL2,PVRL2
PVRL2,PVRL3
PVRL2,TIGIT
PVRL3,PVR
PVRL3,TIGIT
PYY,ADRA2A
PYY,DPP4
PYY,FAP
PYY,GPR83
PYY,GRM7
PYY,MTNR1A
PYY,NPY1R
PYY,NPY2R
PYY,NPY4R
PYY,NPY5R
PYY,NPY6R
QDPR,DYSF
QRFP,P2RY14
QRFP,QRFPR
RAET1E,HCST
RAET1E,KLRK1
RAET1F,KLRK1
RAET1G,HCST
RAET1G,KLRK1
RAET1L,HCST
RAET1L,KLRK1
RARR2,CCRL2
RARR2,CML1
RARR2,GPR1
RARRES1,NRP2
RARRES2,CCRL2
RARRES2,CMKLR1
RARRES2,CMKLR2
RARRES2,GPR1
RBP3,NOTCH1
RBP4,STRA6
RECK,TIGIT
REL1,RL3R1
REL1,RXFP1
REL1,RXFP2
REL2,RL3R1
REL2,RXFP1
REL2,RXFP2
REL3,RL3R1
REL3,RL3R2
REL3,RXFP1
REL3,RXFP2
RELN,ITGA3
RELN,ITGB1
RELN,LRP8
RELN,VLDLR
REN,ASIC3
REN,ATP6AP2
RENI,RENR
RET,GFRA1
RET,GFRA2
RET,GFRA3
RET,GFRA4
RET4,STRA6
RETN,CAP1
RETN,GPR25
RETN,TLR4
RGMA,BMPR1B
RGMA,BMPR2
RGMA,HFE
RGMA,HJV
RGMA,NEO1
RGMA,TFR2
RGMB,BMPR1B
RGMB,BMPR2
RGMB,HJV
RGMB,NEO1
RGS19,ENG
RIMS1,CACNA1C
RIMS1,SLC17A7
RIMS1,SLC18A2
RIMS1,SLC18A3
RIMS2,ABCA1
RLF,RXFP2
RLN1,RXFP1
RLN1,RXFP2
RLN1,RXFP3
RLN1,RXFP4
RLN2,ADCYAP1R1
RLN2,ADRB2
RLN2,ADRB3
RLN2,GPR20
RLN2,GPR84
RLN2,PTH1R
RLN2,RAMP2
RLN2,RAMP3
RLN2,RXFP1
RLN2,RXFP2
RLN2,RXFP3
RLN2,TSHR
RLN2,VIPR1
RLN3,ADCYAP1R1
RLN3,ADRA2A
RLN3,ADRB2
RLN3,ADRB3
RLN3,GPR20
RLN3,GPR84
RLN3,GRM7
RLN3,MTNR1A
RLN3,PTH1R
RLN3,RAMP2
RLN3,RAMP3
RLN3,RXFP1
RLN3,RXFP2
RLN3,RXFP3
RLN3,RXFP4
RLN3,TSHR
RLN3,VIPR1
RNASE2,TLR2
RNT2,TLR8
ROBO3,ESAM
ROBO3,F11R
ROBO3,LY6G6F
ROR2,CD320
ROR2,FZD2
ROR2,FZD5
RPH3A,NRX1A
RPH3A,NRX1B
RPH3A,NRXN1
RPS19,C5AR1
RPS27A,ADRB2
RPS27A,ERBB2
RPS27A,FGFR2
RPS27A,LDLR
RPS27A,LRP2
RPS27A,RIPK1
RPS27A,SMAD3
RPS27A,TGFBR1
RPS27A,TGFBR2
RPS27A,TLR4
RSPO1,FZD8
RSPO1,LGR4
RSPO1,LGR5
RSPO1,LGR6
RSPO1,LRP6
RSPO1,RNF43
RSPO1,ZNRF3
RSPO2,LGR4
RSPO2,LGR5
RSPO2,LGR6
RSPO2,RNF43
RSPO2,ZNRF3
RSPO3,FZD8
RSPO3,LGR4
RSPO3,LGR5
RSPO3,LGR6
RSPO3,LRP6
RSPO3,RNF43
RSPO3,SDC4
RSPO3,ZNRF3
RSPO4,LGR4
RSPO4,LGR5
RSPO4,LGR6
RSPO4,LRP5
RSPO4,LRP6
RSPO4,RNF43
RSPO4,ZNRF3
RTN4,CNTN1
RTN4,CNTNAP1
RTN4,GJB2
RTN4,LINGO1
RTN4,NGFR
RTN4,RTN4R
RTN4,RTN4RL1
RTN4,S1PR2
RTN4,TNFRSF19
RTN4R,AGRB1
RTN4R,CNTNAP1
RYK,FZD8
S100A1,AGER
S100A1,RYR1
S100A1,RYR2
S100A1,TLR4
S100A1,TRPM3
S100A10,CFTR
S100A10,HTR1B
S100A10,TRPV6
S100A12,CD36
S100A12,TLR4
S100A4,CCR5
S100A4,EGFR
S100A4,ERBB2
S100A4,ERBB3
S100A4,PGLYRP1
S100A8,AGER
S100A8,CD36
S100A8,CD68
S100A8,CD69
S100A8,ITGB2
S100A8,TLR4
S100A9,AGER
S100A9,ALCAM
S100A9,CD36
S100A9,CD68
S100A9,ITGB2
S100A9,TLR4
S100B,AGER
S100B,ALCAM
S1PR1,HTR1A
S1PR3,HTR1A
SAA1,ADRA2A
SAA1,CD36
SAA1,FPR1
SAA1,FPR2
SAA1,GRM7
SAA1,MTNR1A
SAA1,SCARB1
SAA1,TLR2
SAP,G37L1
SAP,GPR37
SCEL,ENG
SCF,KIT
SCGB1A1,LMBR1L
SCGB1A1,LRP2
SCGB3A1,MARCO
SCGB3A1,NOTCH3
SCGB3A2,MARCO
SCN2B,CD200R1
SCN2B,MAG
SCT,ADCYAP1R1
SCT,ADRB2
SCT,ADRB3
SCT,GPR20
SCT,GPR84
SCT,PTH1R
SCT,RAMP2
SCT,RAMP3
SCT,SCTR
SCT,TSHR
SCT,VIPR1
SCT,VIPR2
SCUBE2,KDR
SDC1,AGRA2
SDC1,TNFRSF21
SDC2,AGRA2
SDC2,FGFR4
SDC2,PTPRJ
SDF1,CXCR4
SDF1,DPP4
SDK2,CLEC4A
SECR,SCTR
SECR,VIPR1
SECR,VIPR2
SECTM1,CD7
SELE,CD44
SELE,CEACAM1
SELE,GLG1
SELE,VCAN
SELL,CD34
SELL,GLYCAM1
SELL,MADCAM1
SELL,PODXL
SELL,UNC5D
SELPL,LYAM1
SELPL,LYAM2
SELPL,LYAM3
SELPLG,ESAM
SELPLG,ITGAM
SELPLG,ITGB2
SELPLG,SELE
SELPLG,SELL
SELPLG,SELP
SELPLG,SIGLEC5
SEM3A,NRP1
SEM3C,NRP2
SEM3E,PLXD1
SEM3F,NRP2
SEM4A,PLXD1
SEM4C,PLXB2
SEM4D,CD72
SEM4D,PLXB1
SEM4D,PLXB2
SEM4D,PLXB3
SEM4D,PTPRC
SEM4G,PLXB2
SEM5A,PLXB3
SEM7A,PLXC1
SEMA3A,NRP1
SEMA3A,NRP2
SEMA3A,PLXNA1
SEMA3A,PLXNA2
SEMA3A,PLXNA3
SEMA3A,PLXNA4
SEMA3B,NRP1
SEMA3B,NRP2
SEMA3B,PLXNA1
SEMA3B,PLXNA2
SEMA3B,PLXNA3
SEMA3B,PLXNA4
SEMA3C,NRP1
SEMA3C,NRP2
SEMA3C,PLXNA1
SEMA3C,PLXNA2
SEMA3C,PLXNA3
SEMA3C,PLXNA4
SEMA3C,PLXND1
SEMA3D,NRP1
SEMA3D,NRP2
SEMA3D,PLXNA1
SEMA3D,PLXNA2
SEMA3D,PLXNA3
SEMA3D,PLXNA4
SEMA3D,PLXND1
SEMA3E,NRP1
SEMA3E,NRP2
SEMA3E,PLXND1
SEMA3F,NRP1
SEMA3F,NRP2
SEMA3F,PLXNA1
SEMA3F,PLXNA2
SEMA3F,PLXNA3
SEMA3F,PLXNA4
SEMA3G,FCGR2A
SEMA3G,GP6
SEMA3G,LILRA3
SEMA3G,NRP2
SEMA3G,PLXNA1
SEMA3G,PLXNA2
SEMA3G,PLXNA3
SEMA3G,PLXNA4
SEMA4A,LILRB2
SEMA4A,NRP1
SEMA4A,PLXNA1
SEMA4A,PLXNA2
SEMA4A,PLXNA3
SEMA4A,PLXNA4
SEMA4A,PLXNB1
SEMA4A,PLXNB2
SEMA4A,PLXNB3
SEMA4A,PLXND1
SEMA4B,DCBLD2
SEMA4B,PLXNB2
SEMA4C,PLXNB1
SEMA4C,PLXNB2
SEMA4D,CD72
SEMA4D,ERBB2
SEMA4D,MET
SEMA4D,PLXNB1
SEMA4D,PLXNB2
SEMA4D,PLXNB3
SEMA4F,NRP2
SEMA4F,VSIR
SEMA4G,PLXNB2
SEMA4G,SEMA5A
SEMA5A,MET
SEMA5A,PLXNA1
SEMA5A,PLXNA2
SEMA5A,PLXNA3
SEMA5A,PLXNB3
SEMA5B,PLXNA1
SEMA5B,PLXNA3
SEMA6A,PLXNA2
SEMA6A,PLXNA4
SEMA6B,PLXNA2
SEMA6B,PLXNA4
SEMA6C,PLXNA1
SEMA6D,KDR
SEMA6D,PLXNA1
SEMA6D,PLXNA4
SEMA6D,PLXNC1
SEMA6D,TREM2
SEMA6D,TYROBP
SEMA7A,ITGA1
SEMA7A,ITGB1
SEMA7A,PLXNC1
SEMA7A,UNC5D
SERPINA1,LRP1
SERPINA7,SLC16A2
SERPINC1,GPC1
SERPINC1,LRP1
SERPINC1,SDC2
SERPINE1,ITGAV
SERPINE1,ITGB5
SERPINE1,LRP1
SERPINE1,LRP2
SERPINE1,PLAUR
SERPINE2,LRP1
SERPINF1,PLXDC1
SERPINF1,PLXDC2
SERPING1,LRP1
SERPING1,SELE
SERPING1,SELP
SERTAD1,AR
SFRP1,FZD2
SFRP1,FZD6
SFRP1,WNT1
SFRP1,WNT2
SFRP1,WNT3A
SFRP1,WNT4
SFRP2,FZD5
SFRP2,MYOC
SFRP2,WNT1
SFRP2,WNT3A
SFRP2,WNT4
SFRP4,WNT7A
SFRP5,MYOC
SFTPA1,TLR2
SFTPA2,CD93
SFTPD,CD97
SFTPD,LAIR1
SFTPD,LY96
SFTPD,SIRPA
SFTPD,TLR4
SH2B3,PDGFRB
SHANK1,ABCA1
SHANK1,ADGRB2
SHANK1,ADGRL1
SHANK1,ADGRL2
SHANK1,SSTR2
SHANK2,ADGRL1
SHANK2,ADGRL2
SHANK2,CFTR
SHBG,CD177
SHBG,CLDN4
SHBG,GPRC6A
SHBG,SLC37A1
SHH,BOC
SHH,CDON
SHH,GAS1
SHH,GPC1
SHH,GPC5
SHH,HHIP
SHH,LRP2
SHH,PTCH1
SHH,PTCH2
SHH,SCUBE2
SHH,SMO
SI,ART1
SI,PDGFRA
SI,PDGFRB
SIG15,CD44
SIGLEC1,PTPRC
SIGLEC1,SPN
SIGLEC14,CD33
SIGLEC14,IFNGR1
SIGLEC15,CD33
SIGLEC15,LRRC4C
SIGLEC15,MAG
SIGLEC15,SIGLEC10
SIGLEC15,SIGLEC14
SIGLEC15,UNC5D
SIGLEC5,CD33
SIGLEC5,IFNGR1
SIGLEC5,SIGLEC1
SIGLEC5,SIGLEC14
SIGLEC6,KIR2DL4
SIGLEC6,NCR1
SIGLEC7,BOC
SIGLEC7,CD320
SIGLEC7,CD33
SIGLEC7,CD4
SIGLEC7,LRP12
SIGLEC7,LRRC4C
SIGLEC7,PCDHAC1
SIGLEC7,SIGLEC10
SIGLEC7,SIGLEC8
SIGLEC7,TIMD4
SIGLEC7,TNFRSF11B
SIGLEC8,CD33
SIGLEC8,KIAA0319L
SIGLEC8,LRFN2
SIGLEC8,LRRC4C
SIGLEC8,MAG
SIGLEC8,PCDHGA7
SIGLEC8,SIGLEC10
SIGLEC8,SIGLEC14
SIGLEC8,SIGLEC9
SIGLEC8,TEX101
SIGLEC9,ADGRA2
SIGLEC9,BOC
SIGLEC9,CD33
SIGLEC9,IFNGR1
SIGLEC9,IL1RL1
SIGLEC9,MAG
SIGLEC9,MUC1
SIGLEC9,SIGLEC10
SIGLEC9,SIGLEC15
SIGLEC9,SIGLEC7
SIGLEC9,TNFRSF11B
SIRPA,CD47
SIRPA,TIGIT
SIRPB2,CD47
SLAMF1,SLAMF1
SLAMF6,HAVCR1
SLAMF6,SLAMF6
SLAMF7,SLAMF7
SLAMF8,SLAMF8
SLC6A8,LIFR
SLC7A5,THBS1
SLIB,GHRHR
SLIK1,PTPRD
SLIK1,PTPRS
SLIK2,PTPRD
SLIK2,PTPRS
SLIK3,PTPRD
SLIK4,OLR1
SLIK4,PTPRS
SLIK5,PTPRS
SLIK6,PTPRS
SLIT1,FLRT3
SLIT1,GPC1
SLIT1,ROBO1
SLIT1,ROBO2
SLIT1,SDC1
SLIT2,APP
SLIT2,DCC
SLIT2,GPC1
SLIT2,GREM1
SLIT2,PLXNA1
SLIT2,ROBO1
SLIT2,ROBO2
SLIT2,ROBO4
SLIT2,SDC1
SLIT3,ROBO1
SLIT3,ROBO2
SLIT3,ROBO4
SLITRK1,ENPEP
SLITRK1,PTPRD
SLITRK1,PTPRS
SLITRK1,TNFRSF11B
SLITRK2,PTPRD
SLITRK2,PTPRS
SLITRK3,PTPRD
SLITRK3,PTPRS
SLITRK5,PTPRD
SLITRK6,PTPRS
SLPI,CD4
SLPI,PLSCR1
SLPI,PLSCR4
SLURP1,CHRNA1
SLURP1,CHRNA10
SLURP1,CHRNA2
SLURP1,CHRNA3
SLURP1,CHRNA4
SLURP1,CHRNA5
SLURP1,CHRNA6
SLURP1,CHRNA7
SLURP1,CHRNA9
SLURP1,CHRNB1
SLURP1,CHRNB2
SLURP1,CHRNB3
SLURP1,CHRNB4
SLURP1,CHRND
SLURP1,CHRNE
SLURP1,CHRNG
SLURP2,CHRNA1
SLURP2,CHRNA10
SLURP2,CHRNA2
SLURP2,CHRNA3
SLURP2,CHRNA4
SLURP2,CHRNA5
SLURP2,CHRNA6
SLURP2,CHRNA7
SLURP2,CHRNA9
SLURP2,CHRNB1
SLURP2,CHRNB2
SLURP2,CHRNB3
SLURP2,CHRNB4
SLURP2,CHRND
SLURP2,CHRNE
SLURP2,CHRNG
SMAP1,ENG
SMS,SSR1
SMS,SSR2
SMS,SSR3
SMS,SSR4
SMS,SSR5
SNCA,LAG3
SNX14,HTR6
SOCS2,EPOR
SOM2,GHR
SOMA,GHR
SORBS1,INSR
SORBS1,ITGA1
SORBS1,ITGB5
SORL1,CNTFR
SOSD1,LRP5
SOSD1,LRP6
SOST,LRP4
SOST,LRP5
SOST,LRP6
SOSTDC1,LRP4
SOSTDC1,LRP5
SOSTDC1,LRP6
SPAG11B,GPR55
SPARC,ENG
SPARC,FGFR1
SPINK1,EGFR
SPINK1,NRSN1
SPINT1,ST14
SPON1,APP
SPON1,LRP8
SPON2,ITGA4
SPON2,ITGA5
SPON2,ITGAM
SPON2,ITGB1
SPON2,ITGB2
SPP1,CCR8
SPP1,CD44
SPP1,ITGA4
SPP1,ITGA5
SPP1,ITGA8
SPP1,ITGA9
SPP1,ITGAV
SPP1,ITGB1
SPP1,ITGB3
SPP1,ITGB5
SPP1,ITGB6
SPP1,ITGB7
SPP1,PTGER4
SPP1,S1PR1
SPTAN1,PTPRA
SPTBN2,PTPRA
SPX,GALR2
SPX,GALR3
SRC,EFNB1
SRC,ERBB2
SRGN,CD44
SST,ADRA2A
SST,GRM7
SST,MRGPRX2
SST,MTNR1A
SST,SSTR1
SST,SSTR2
SST,SSTR3
SST,SSTR4
SST,SSTR5
ST14,BTN3A1
ST6GAL1,CD22
ST6GAL1,EGFR
STAB1,NTM
STUB1,DNAJA3
STUB1,ERBB2
SUPYN,AAAT
SYK,EPOR
SYK,FCGR2A
SYK,LAT
SYT1,SV2B
SYTL3,NRX1A
SYTL3,NRX1B
SYTL3,NRXN1
TAC1,DPP4
TAC1,FAP
TAC1,MRGPRX2
TAC1,TACR1
TAC1,TACR2
TAC1,TACR3
TAC2,TACR3
TAC3,TACR1
TAC3,TACR2
TAC3,TACR3
TAC4,TACR1
TAC4,TACR2
TAC4,TACR3
TACT,PVRL1
TAFA1,GPR1
TAFA4,FPR1
TAFA5,FPR2
TAFA5,S1PR2
TARM1,OSCAR
TARM1,ROBO4
TCN1,CD320
TCN2,CNR1
TCN2,LRP2
TCTN1,B9D1
TCTN1,CC2D2A
TCTN1,CEP290
TCTN1,MKS1
TCTN1,TCTN2
TCTN1,TCTN3
TCTN1,TMEM216
TCTN1,TMEM67
TCTN3,FCRL1
TDGF1,ACVR1B
TDGF1,ACVR1C
TDGF1,ACVR2A
TDGF1,ACVR2B
TDGF1,GPC1
TDGF1,SMAD3
TEK,ITGA5
TEN1,AGRL1
TEN1,AGRL2
TEN1,AGRL3
TEN2,AGRL1
TEN2,AGRL2
TEN2,AGRL3
TEN3,AGRL1
TEN3,AGRL2
TEN3,AGRL3
TEN4,AGRL1
TEN4,AGRL2
TEN4,AGRL3
TF,ADRB2
TF,GPR162
TF,HFE
TF,LDLR
TF,LRP2
TF,TFR2
TF,TFRC
TFF1,FCRL4
TFF1,MUC5AC
TFF2,CXCR4
TFF2,MUC6
TFF3,ACKR3
TFF3,CXCR4
TFPI,F3
TFPI,LRP1
TFPI,SDC4
TFPI,VLDLR
TG,ASGR1
TG,LRP2
TG,TPO
TGFA,ADAM17
TGFA,CNIH1
TGFA,EGFR
TGFA,ERBB2
TGFA,ERBB3
TGFA,ERBB4
TGFA,NKD2
TGFA,PTPRD
TGFB1,ACVR1
TGFB1,ACVR1B
TGFB1,ACVR1C
TGFB1,ACVRL1
TGFB1,CAV1
TGFB1,CD109
TGFB1,CXCR4
TGFB1,DCN
TGFB1,EGFR
TGFB1,ENG
TGFB1,ITGAV
TGFB1,ITGB1
TGFB1,ITGB3
TGFB1,ITGB5
TGFB1,ITGB6
TGFB1,ITGB8
TGFB1,LPP
TGFB1,SDC2
TGFB1,SMAD3
TGFB1,TGBR3
TGFB1,TGFBR1
TGFB1,TGFBR2
TGFB1,TGFBR3
TGFB1,VASN
TGFB2,ACVR1
TGFB2,ACVR1B
TGFB2,ACVR1C
TGFB2,ENG
TGFB2,TGBR3
TGFB2,TGFBR1
TGFB2,TGFBR2
TGFB2,TGFBR3
TGFB3,ACVR1
TGFB3,ACVR1B
TGFB3,ACVR1C
TGFB3,ACVRL1
TGFB3,ENG
TGFB3,ITGB1
TGFB3,ITGB3
TGFB3,ITGB5
TGFB3,ITGB6
TGFB3,TGBR3
TGFB3,TGFBR1
TGFB3,TGFBR2
TGFB3,TGFBR3
TGFBR1,CDH5
TGFBR1,ENG
TGFBR1,TGFBR2
TGFBR2,CDH5
TGM2,ADGRG1
TGM2,AGRG1
TGM2,ITGA4
TGM2,ITGA9
TGM2,ITGB1
TGM2,ITGB3
TGM2,SDC4
TGM2,TBXA2R
TGOLN2,BTN3A1
TGS1,RXRA
TH,DRD1
TH,DRD2
TH,DRD3
TH,DRD4
TH,DRD5
THBS1,CALR
THBS1,CD36
THBS1,CD47
THBS1,GP1BA
THBS1,GP1BB
THBS1,GP5
THBS1,GP9
THBS1,ITGA2B
THBS1,ITGA3
THBS1,ITGA4
THBS1,ITGA6
THBS1,ITGAV
THBS1,ITGB1
THBS1,ITGB3
THBS1,LRP1
THBS1,LRP2
THBS1,LRP4
THBS1,LRP5
THBS1,PTPRJ
THBS1,SCARB1
THBS1,SDC1
THBS1,SDC4
THBS1,TGFB1
THBS1,TNFRSF11B
THBS2,CD36
THBS2,CD47
THBS2,ITGA3
THBS2,ITGA4
THBS2,ITGA6
THBS2,ITGAV
THBS2,ITGB1
THBS2,ITGB3
THBS2,LRP2
THBS2,LRP4
THBS2,NOTCH3
THBS2,NOTCH4
THBS2,SDC1
THBS2,SDC4
THBS3,CD36
THBS3,CD47
THBS3,ITGA3
THBS3,ITGAV
THBS3,ITGB1
THBS3,ITGB3
THBS3,SDC1
THBS3,SDC4
THBS4,CD36
THBS4,CD47
THBS4,ITGA3
THBS4,ITGAV
THBS4,ITGB1
THBS4,ITGB3
THBS4,SDC1
THBS4,SDC4
THPO,MPL
THPO,SIRPB1
THRB,PAR1
THRB,PAR3
THRB,PAR4
THRB,TRBM
THY1,AGRE2
THY1,CD97
THY1,CNTN1
THY1,ITGAM
THY1,ITGAV
THY1,ITGAX
THY1,ITGB2
THY1,ITGB3
TIE1,LRFN5
TIE1,TEK
TIGIT,NECTIN2
TIGIT,PVR
TIMD4,HAVCR1
TIMP1,CD63
TIMP1,FGFR2
TIMP2,CD44
TIMP2,ITGA3
TIMP2,ITGB1
TIMP3,ADAM17
TIMP3,AGTR2
TIMP3,CD44
TIMP3,DDR1
TIMP3,KDR
TIMP3,MET
TIP39,PTH1R
TIP39,PTH2R
TJP1,CFTR
TJP1,CLDN1
TJP1,CLDN2
TJP1,CLDN3
TJP1,CLDN4
TJP1,CLDN5
TJP1,CLDN6
TJP1,CLDN7
TJP1,CLDN8
TJP1,F11R
TJP1,JAM2
TJP1,JAM3
TJP2,CLDN1
TJP2,CLDN2
TJP2,CLDN3
TJP2,CLDN4
TJP2,CLDN5
TJP2,CLDN6
TJP2,CLDN7
TJP2,CLDN8
TJP3,CLDN1
TJP3,CLDN2
TJP3,CLDN3
TJP3,CLDN4
TJP3,CLDN5
TJP3,CLDN6
TJP3,CLDN7
TJP3,CLDN8
TJP3,F11R
TKN1,NK1R
TKN1,NK2R
TKN1,NK3R
TKNK,NK1R
TKNK,NK2R
TKNK,NK3R
TLN1,ITGB3
TLN1,ITGB5
TLR2,CD14
TLR2,CD36
TN13B,TNR17
TN13B,TR13B
TN13B,TR13C
TNC,CNTN1
TNC,EGFR
TNC,ITGA2
TNC,ITGA2B
TNC,ITGA5
TNC,ITGA7
TNC,ITGA8
TNC,ITGA9
TNC,ITGAV
TNC,ITGB1
TNC,ITGB3
TNC,ITGB6
TNC,NT5E
TNC,PTPRB
TNC,PTPRZ1
TNC,SDC1
TNC,SDC4
TNF,CELSR2
TNF,FAS
TNF,FFAR2
TNF,FLT4
TNF,ICOS
TNF,LTBR
TNF,NOTCH1
TNF,PTPRS
TNF,RIPK1
TNF,SEMA4C
TNF,SLC5A11
TNF,TNFRSF1A
TNF,TNFRSF1B
TNF,TNFRSF21
TNF,TRADD
TNF,TRAF2
TNF,TRPM2
TNF,VSIR
TNF10,TR10A
TNF10,TR10B
TNF10,TR10C
TNF10,TR10D
TNF10,TR11B
TNF11,TNR11
TNF11,TR11B
TNF12,TNR12
TNF12,TNR25
TNF13,TNR17
TNF13,TR13B
TNF14,TNF6B
TNF14,TNR14
TNF14,TNR3
TNF15,TNF6B
TNF15,TNR25
TNF18,TNR18
TNFA,TNR1A
TNFA,TNR1B
TNFB,TNR14
TNFB,TNR1A
TNFB,TNR1B
TNFC,TNR3
TNFL4,TNR4
TNFL6,TNF6B
TNFL6,TNR6
TNFL8,TNR8
TNFL9,TNR9
TNFRSF10C,HAVCR1
TNFRSF11A,ACE2
TNFRSF11A,PDCD1LG2
TNFRSF11B,ACE2
TNFRSF11B,ARMH4
TNFRSF11B,GPC6
TNFRSF11B,NRP1
TNFRSF11B,NRX2A
TNFRSF11B,NRX2B
TNFRSF11B,NRX3A
TNFRSF11B,NRX3B
TNFRSF11B,PCDHAC1
TNFRSF12A,FGFR1
TNFRSF12A,KIR2DL5A
TNFRSF12A,LILRA1
TNFRSF12A,LILRA3
TNFRSF12A,LILRA6
TNFRSF12A,LILRB3
TNFRSF12A,LILRB5
TNFRSF13C,LILRB2
TNFRSF14,LRFN5
TNFRSF17,CD300E
TNFRSF17,LY9
TNFRSF17,NEGR1
TNFRSF17,NTM
TNFRSF6B,FASLG
TNFRSF6B,SIGLEC10
TNFRSF8,DLL1
TNFRSF8,DSCAM
TNFSF10,CCR6
TNFSF10,RIPK1
TNFSF10,TNFRSF10A
TNFSF10,TNFRSF10B
TNFSF10,TNFRSF10C
TNFSF10,TNFRSF10D
TNFSF10,TNFRSF11B
TNFSF11,LGR4
TNFSF11,TNFRSF11A
TNFSF11,TNFRSF11B
TNFSF12,CD163
TNFSF12,TNFRSF12A
TNFSF12,TNFRSF25
TNFSF12,TNFRSF8
TNFSF13,FAS
TNFSF13,SDC2
TNFSF13,TNFRSF11B
TNFSF13,TNFRSF13B
TNFSF13,TNFRSF14
TNFSF13,TNFRSF17
TNFSF13,TNFRSF1A
TNFSF13B,CD40
TNFSF13B,HLA-DPB1
TNFSF13B,TFRC
TNFSF13B,TNFRSF13B
TNFSF13B,TNFRSF13C
TNFSF13B,TNFRSF17
TNFSF14,LTBR
TNFSF14,TNFRSF14
TNFSF14,TNFRSF6B
TNFSF15,TNFRSF25
TNFSF15,TNFRSF6B
TNFSF18,TNFRSF18
TNFSF4,TNFRSF4
TNFSF4,TRAF2
TNFSF8,TNFRSF8
TNFSF9,ADGRG5
TNFSF9,FCRL1
TNFSF9,HLA-DPA1
TNFSF9,IL13RA2
TNFSF9,KLRG2
TNFSF9,PVR
TNFSF9,TNFRSF9
TNFSF9,TRAF2
TNN,ITGA2B
TNN,ITGA8
TNN,ITGA9
TNN,ITGAV
TNN,ITGB1
TNN,ITGB3
TNN,ITGB6
TNN,SDC1
TNN,SDC4
TNR,ITGA2B
TNR,ITGA8
TNR,ITGA9
TNR,ITGAV
TNR,ITGB1
TNR,ITGB3
TNR,ITGB6
TNR,SDC1
TNR,SDC4
TNXB,ITGA2B
TNXB,ITGA8
TNXB,ITGA9
TNXB,ITGAV
TNXB,ITGB1
TNXB,ITGB3
TNXB,ITGB6
TNXB,SDC1
TNXB,SDC4
TOR2A,ATP5F1B
TP53,TNFRSF10D
TPH1,GPR119
TPH1,GPR26
TPH1,HTR1A
TPH1,HTR1B
TPH1,HTR1D
TPH1,HTR1E
TPH1,HTR1F
TPH1,HTR2A
TPH1,HTR2B
TPH1,HTR2C
TPH1,HTR4
TPH1,HTR5A
TPH1,HTR6
TPH1,HTR7
TPO,MPL
TPO,TPOR
TPSAB1,F2RL1
TPSB2,F2RL1
TPSG1,SIRPA
TREM1,VSIG8
TREM1,VSTM2B
TREM2,LRRC52
TREM2,TNFRSF12A
TREML2,ADGRF5
TREML2,ANTXR1
TREML4,SIGLEC8
TRFE,TFR1
TRFE,TFR2
TRH,TRFR
TRH,TRHR
TRIP6,ENG
TRPV5,CLDN16
TSHB,ADCYAP1R1
TSHB,ADRB2
TSHB,ADRB3
TSHB,GPR20
TSHB,GPR84
TSHB,HLA-C
TSHB,PTH1R
TSHB,RAMP2
TSHB,RAMP3
TSHB,TSHR
TSHB,VIPR1
TSHR,ADORA1
TSHR,SYT1
TSLP,CRLF2
TSLP,IL7R
TSP1,CD36
TSP2,CD36
TSPAN1,ITGA6
TSPAN1,ITGB1
TSPAN3,ADAM10
TSPAN3,CLDN11
TSPAN33,CLDN11
TSPAN5,TSPAN13
TTR,NGFR
TULP1,TYRO3
TX1B3,AGRB1
TX1B3,AGRB2
TXLNA,STX1A
TXLNA,STX3
TXLNA,STX4
TYK2,IFNAR1
TYK2,IFNAR2
TYK2,IL23R
TYK2,JAK1
TYOBP,SIG15
TYRO3,HAVCR1
TYRO3,LILRB5
TYRO3,UNC5D
TYROBP,TREM1
UBA52,ACVR1
UBA52,ADRB2
UBA52,AGTR1
UBA52,BMPR1B
UBA52,EGFR
UBA52,ERBB2
UBA52,FGFR2
UBA52,FSHR
UBA52,LDLR
UBA52,LRP2
UBA52,NOTCH1
UBA52,RIPK1
UBA52,SMAD3
UBA52,TGFBR1
UBA52,TGFBR2
UBA52,TLR4
UBB,ADRB2
UBB,ERBB2
UBB,FGFR2
UBB,LDLR
UBB,LRP2
UBB,RIPK1
UBB,SMAD3
UBB,TGFBR1
UBB,TGFBR2
UBB,TLR4
UBC,ADRB2
UBC,ERBB2
UBC,FGFR2
UBC,LDLR
UBC,LRP2
UBC,RIPK1
UBC,SMAD3
UBC,TGFBR1
UBC,TGFBR2
UBC,TLR4
UCN,CRHR1
UCN,CRHR2
UCN1,CRFR1
UCN1,CRFR2
UCN2,CRFR1
UCN2,CRFR2
UCN2,CRHR1
UCN2,CRHR2
UCN2,IL10RB
UCN3,CRFR2
UCN3,CRHR1
UCN3,CRHR2
UCN3,IL10RB
ULBP1,HCST
ULBP1,KLRK1
ULBP2,HCST
ULBP2,KLRK1
ULBP3,HCST
ULBP3,KLRK1
UNC5A,AGRL3
UNC5C,FLRT1
UNC5C,FLRT2
UNC5C,FLRT3
UROK,UPAR
UTS2,UR2R
UTS2,UTS2R
UTS2B,SSTR5
UTS2B,UR2R
UTS2B,UTS2R
VASP,CXCR2
VCAM1,EZR
VCAM1,ITGA4
VCAM1,ITGA9
VCAM1,ITGAD
VCAM1,ITGB1
VCAM1,ITGB2
VCAM1,ITGB7
VCAM1,MSN
VCAM1,VCAM1
VCAN,CD44
VCAN,COL1A1
VCAN,COL1A2
VCAN,EGFR
VCAN,FN1
VCAN,ITGA4
VCAN,ITGB1
VCAN,LDLR
VCAN,SELL
VCAN,SELP
VCAN,SELPLG
VCAN,TLR1
VCAN,TLR2
VCAN,TLR3
VCAN,TLR6
VCAN,TNC
VCAN,TNR
VCL,ALK
VCL,ITGB5
VEGFA,CD44
VEGFA,EGFR
VEGFA,EPHB2
VEGFA,FLT1
VEGFA,GPC1
VEGFA,GRIN2B
VEGFA,ITGA9
VEGFA,ITGAV
VEGFA,ITGB1
VEGFA,ITGB3
VEGFA,KDR
VEGFA,NRP1
VEGFA,NRP2
VEGFA,RET
VEGFA,SIRPA
VEGFA,TYRO3
VEGFA,VCAN
VEGFA,VEGFR1
VEGFA,VEGFR1R2
VEGFA,VEGFR2
VEGFA,VGFR1
VEGFA,VGFR2
VEGFB,ADRB2
VEGFB,FLT1
VEGFB,KDR
VEGFB,NRP1
VEGFB,RET
VEGFB,TYRO3
VEGFB,VEGFR1
VEGFB,VGFR1
VEGFC,CCBE1
VEGFC,FLT1
VEGFC,FLT4
VEGFC,ITGA9
VEGFC,ITGB1
VEGFC,KDR
VEGFC,LYVE1
VEGFC,NRP2
VEGFC,VEGFR2
VEGFC,VEGFR2R3
VEGFC,VEGFR3
VEGFC,VGFR2
VEGFC,VGFR3
VEGFC,VIPR2
VEGFD,FLT1
VEGFD,FLT4
VEGFD,ITGA1
VEGFD,ITGA2
VEGFD,ITGA4
VEGFD,ITGA5
VEGFD,ITGA9
VEGFD,ITGB1
VEGFD,KDR
VEGFD,NRP2
VEGFD,VEGFR2
VEGFD,VEGFR2R3
VEGFD,VEGFR3
VEGFD,VGFR2
VEGFD,VGFR3
VGF,NTRK1
VIM,CD44
VIP,ADCYAP1R1
VIP,ADRB1
VIP,ADRB2
VIP,ADRB3
VIP,AVPR1A
VIP,DPP4
VIP,GPR20
VIP,GPR84
VIP,NPR3
VIP,PACR
VIP,PTH1R
VIP,RAMP1
VIP,RAMP2
VIP,RAMP3
VIP,SCTR
VIP,TSHR
VIP,VIPR1
VIP,VIPR2
VSIG4,KIR2DL5A
VSIR,IGSF11
VSIR,VSIG8
VSTM1,ADGRG3
VSTM1,LAMP1
VSTM2L,KIR2DL5A
VTN,CD47
VTN,ITGA2B
VTN,ITGA3
VTN,ITGA5
VTN,ITGA8
VTN,ITGAD
VTN,ITGAV
VTN,ITGB1
VTN,ITGB2
VTN,ITGB3
VTN,ITGB5
VTN,ITGB6
VTN,ITGB8
VTN,KDR
VTN,PLAUR
VTN,PVR
VTN,TNFRSF11B
VTN,VCAM1
VWF,COL1A1
VWF,COL1A2
VWF,COL3A1
VWF,COL4A1
VWF,COL4A2
VWF,COL4A3
VWF,COL4A5
VWF,COL4A6
VWF,GP
VWF,GP1BA
VWF,GP1BB
VWF,GP5
VWF,GP9
VWF,ITGA2B
VWF,ITGA4
VWF,ITGA9
VWF,ITGAV
VWF,ITGB1
VWF,ITGB3
VWF,LRP1
VWF,SCARA5
VWF,SELP
VWF,SIRPA
VWF,STAB2
VWF,TNFRSF11B
WFIKKN2,IGDCC3
WFIKKN2,IGDCC4
WFIKKN2,PRTG
WIF1,RYK
WIF1,WNT3A
WIF1,WNT4
WIF1,WNT7A
WIF1,WNT8A
WIF1,WNT9A
WN10A,SFRP3
WNT1,CD36
WNT1,CER1
WNT1,FZD1
WNT1,FZD10
WNT1,FZD2
WNT1,FZD3
WNT1,FZD4
WNT1,FZD6
WNT1,FZD7
WNT1,FZD8
WNT1,FZD9
WNT1,LRP5
WNT1,LRP6
WNT1,ROR2
WNT1,RYK
WNT1,SFRP1
WNT1,SFRP2
WNT1,SFRP3
WNT1,SFRP4
WNT1,SFRP5
WNT1,WIF1
WNT10A,FZD1
WNT10A,FZD10
WNT10A,FZD2
WNT10A,FZD3
WNT10A,FZD4
WNT10A,FZD6
WNT10A,FZD7
WNT10A,FZD8
WNT10A,FZD9
WNT10A,LRP5
WNT10A,LRP6
WNT10B,FZD1
WNT10B,FZD10
WNT10B,FZD2
WNT10B,FZD3
WNT10B,FZD4
WNT10B,FZD6
WNT10B,FZD7
WNT10B,FZD8
WNT10B,FZD9
WNT10B,LRP5
WNT10B,LRP6
WNT11,CER1
WNT11,CTHRC1
WNT11,FZD1
WNT11,FZD10
WNT11,FZD2
WNT11,FZD3
WNT11,FZD5
WNT11,FZD6
WNT11,FZD7
WNT11,FZD8
WNT11,FZD9
WNT11,KLRG2
WNT11,MUSK
WNT11,SFRP1
WNT11,SFRP2
WNT11,SFRP3
WNT11,SFRP4
WNT11,SFRP5
WNT11,WIF1
WNT16,CER1
WNT16,FZD1
WNT16,FZD10
WNT16,FZD2
WNT16,FZD3
WNT16,FZD4
WNT16,FZD6
WNT16,FZD7
WNT16,FZD8
WNT16,FZD9
WNT16,LRP5
WNT16,LRP6
WNT16,SFRP1
WNT16,SFRP2
WNT16,SFRP3
WNT16,SFRP4
WNT16,SFRP5
WNT16,WIF1
WNT2,CER1
WNT2,FZD1
WNT2,FZD10
WNT2,FZD2
WNT2,FZD3
WNT2,FZD4
WNT2,FZD6
WNT2,FZD7
WNT2,FZD8
WNT2,FZD9
WNT2,LRP5
WNT2,LRP6
WNT2,SFRP1
WNT2,SFRP2
WNT2,SFRP3
WNT2,SFRP4
WNT2,SFRP5
WNT2,WIF1
WNT2B,CER1
WNT2B,FZD1
WNT2B,FZD10
WNT2B,FZD2
WNT2B,FZD3
WNT2B,FZD4
WNT2B,FZD6
WNT2B,FZD7
WNT2B,FZD8
WNT2B,FZD9
WNT2B,LRP5
WNT2B,LRP6
WNT2B,SFRP1
WNT2B,SFRP2
WNT2B,SFRP3
WNT2B,SFRP4
WNT2B,SFRP5
WNT2B,WIF1
WNT3,CER1
WNT3,FZD1
WNT3,FZD10
WNT3,FZD2
WNT3,FZD3
WNT3,FZD4
WNT3,FZD6
WNT3,FZD7
WNT3,FZD8
WNT3,FZD9
WNT3,LRP5
WNT3,LRP6
WNT3,ROR2
WNT3,RYK
WNT3,SFRP1
WNT3,SFRP2
WNT3,SFRP3
WNT3,SFRP4
WNT3,SFRP5
WNT3,WIF1
WNT3A,APCDD1
WNT3A,ATP6AP2
WNT3A,CER1
WNT3A,CTHRC1
WNT3A,FZD1
WNT3A,FZD10
WNT3A,FZD2
WNT3A,FZD3
WNT3A,FZD4
WNT3A,FZD6
WNT3A,FZD7
WNT3A,FZD8
WNT3A,FZD9
WNT3A,LGR5
WNT3A,LRP1
WNT3A,LRP5
WNT3A,LRP6
WNT3A,ROR1
WNT3A,RYK
WNT3A,SFRP1
WNT3A,SFRP2
WNT3A,SFRP3
WNT3A,SFRP4
WNT3A,SFRP5
WNT3A,WIF1
WNT4,CER1
WNT4,FZD1
WNT4,FZD10
WNT4,FZD2
WNT4,FZD3
WNT4,FZD4
WNT4,FZD6
WNT4,FZD7
WNT4,FZD8
WNT4,FZD9
WNT4,LRP5
WNT4,LRP6
WNT4,NOTCH1
WNT4,SFRP1
WNT4,SFRP2
WNT4,SFRP3
WNT4,SFRP4
WNT4,SFRP5
WNT4,SMO
WNT4,WIF1
WNT5A,ADRB2
WNT5A,ANTXR1
WNT5A,CER1
WNT5A,CTHRC1
WNT5A,EPHA7
WNT5A,FZD1
WNT5A,FZD10
WNT5A,FZD2
WNT5A,FZD3
WNT5A,FZD4
WNT5A,FZD5
WNT5A,FZD6
WNT5A,FZD7
WNT5A,FZD8
WNT5A,FZD9
WNT5A,LDLR
WNT5A,LRP2
WNT5A,LRP5
WNT5A,LRP6
WNT5A,MCAM
WNT5A,PTK7
WNT5A,PTPRK
WNT5A,ROR1
WNT5A,ROR2
WNT5A,RYK
WNT5A,SFRP1
WNT5A,SFRP2
WNT5A,SFRP3
WNT5A,SFRP4
WNT5A,SFRP5
WNT5A,VANGL2
WNT5A,WIF1
WNT5B,CER1
WNT5B,FZD1
WNT5B,FZD10
WNT5B,FZD2
WNT5B,FZD3
WNT5B,FZD4
WNT5B,FZD5
WNT5B,FZD6
WNT5B,FZD7
WNT5B,FZD8
WNT5B,FZD9
WNT5B,KLRG2
WNT5B,LRP5
WNT5B,LRP6
WNT5B,SFRP1
WNT5B,SFRP2
WNT5B,SFRP3
WNT5B,SFRP4
WNT5B,SFRP5
WNT5B,WIF1
WNT6,CER1
WNT6,FZD1
WNT6,FZD10
WNT6,FZD2
WNT6,FZD3
WNT6,FZD4
WNT6,FZD6
WNT6,FZD7
WNT6,FZD8
WNT6,FZD9
WNT6,LRP5
WNT6,LRP6
WNT6,SFRP1
WNT6,SFRP2
WNT6,SFRP3
WNT6,SFRP4
WNT6,SFRP5
WNT6,WIF1
WNT7A,ADGRA2
WNT7A,CER1
WNT7A,FZD1
WNT7A,FZD10
WNT7A,FZD2
WNT7A,FZD3
WNT7A,FZD4
WNT7A,FZD5
WNT7A,FZD6
WNT7A,FZD7
WNT7A,FZD8
WNT7A,FZD9
WNT7A,LDLR
WNT7A,LRP5
WNT7A,LRP6
WNT7A,RECK
WNT7A,SFRP1
WNT7A,SFRP2
WNT7A,SFRP3
WNT7A,SFRP4
WNT7A,SFRP5
WNT7A,WIF1
WNT7B,ADGRA2
WNT7B,CER1
WNT7B,FZD1
WNT7B,FZD10
WNT7B,FZD2
WNT7B,FZD3
WNT7B,FZD4
WNT7B,FZD5
WNT7B,FZD6
WNT7B,FZD7
WNT7B,FZD8
WNT7B,FZD9
WNT7B,LRP5
WNT7B,LRP6
WNT7B,SFRP1
WNT7B,SFRP2
WNT7B,SFRP3
WNT7B,SFRP4
WNT7B,SFRP5
WNT7B,TMED5
WNT7B,WIF1
WNT8A,CER1
WNT8A,FZD1
WNT8A,FZD10
WNT8A,FZD2
WNT8A,FZD3
WNT8A,FZD4
WNT8A,FZD5
WNT8A,FZD6
WNT8A,FZD7
WNT8A,FZD8
WNT8A,FZD9
WNT8A,LRP5
WNT8A,LRP6
WNT8A,SFRP1
WNT8A,SFRP2
WNT8A,SFRP3
WNT8A,SFRP4
WNT8A,SFRP5
WNT8A,WIF1
WNT8B,CER1
WNT8B,FZD1
WNT8B,FZD10
WNT8B,FZD2
WNT8B,FZD3
WNT8B,FZD4
WNT8B,FZD5
WNT8B,FZD6
WNT8B,FZD7
WNT8B,FZD8
WNT8B,FZD9
WNT8B,LRP5
WNT8B,LRP6
WNT8B,SFRP1
WNT8B,SFRP2
WNT8B,SFRP3
WNT8B,SFRP4
WNT8B,SFRP5
WNT8B,WIF1
WNT9A,CER1
WNT9A,FZD1
WNT9A,FZD10
WNT9A,FZD2
WNT9A,FZD3
WNT9A,FZD4
WNT9A,FZD5
WNT9A,FZD6
WNT9A,FZD7
WNT9A,FZD8
WNT9A,FZD9
WNT9A,LRP5
WNT9A,LRP6
WNT9A,SFRP1
WNT9A,SFRP2
WNT9A,SFRP3
WNT9A,SFRP4
WNT9A,SFRP5
WNT9A,WIF1
WNT9B,CER1
WNT9B,FZD1
WNT9B,FZD10
WNT9B,FZD2
WNT9B,FZD3
WNT9B,FZD4
WNT9B,FZD5
WNT9B,FZD6
WNT9B,FZD7
WNT9B,FZD8
WNT9B,FZD9
WNT9B,LRP5
WNT9B,LRP6
WNT9B,SFRP1
WNT9B,SFRP2
WNT9B,SFRP3
WNT9B,SFRP4
WNT9B,SFRP5
WNT9B,WIF1
X3CL1,CX3C1
XCL1,ADGRV1
XCL1,XCR1
XCL2,XCR1
YARS1,CXCR1
YBX1,NOTCH1
ZG16B,CXCR4
ZG16B,TLR2
ZG16B,TLR4
ZG16B,TLR5
ZG16B,TLR6
ZP3,CHRNA7
ZP3,EGFR
ZP3,MERTK
ZPBP2,CD80
ZYX,ENG
CLDN19,CLDN19
NECTIN3,NECTIN3
WNT16,FZD5
WNT4,FZD5
NECTIN1,NECTIN1
NECTIN2,NECTIN3
NECTIN2,NECTIN2
WNT1,FZD5
WNT2,FZD5
WNT3,FZD5
WNT6,FZD5
WNT10B,FZD5
WNT11,FZD4
WNT2B,FZD5
WNT10A,FZD5
NECTIN4,NECTIN4
WNT3A,FZD5
CLDN2,CLDN2
CLDN3,CLDN5
CLDN19,CLDN16
CLDN19,CLDN18
LY96,TLR4
HGF,EPHA2
HGF,ERBB2
HGF,FGFR4
HGF,PDGFRA
KITLG,EGFR
KITLG,PDGFRB
CLDN18,CLDN19
SERPINF1,LRP6
CCL17,CCR5
CXCL12,CCR10
CLDN5,CLDN3
VEGFA,PDGFRA
VEGFA,PDGFRB
NECTIN4,NECTIN1
NECTIN4,NECTIN2
CLDN1,CLDN3
